Process,Arrival_Time,Burst_Time
P1,2,17
P2,4,8
P3,6,5
P4,8,10
P5,8,66
P6,8,17
P7,11,10
P8,13,80
P9,16,12
P10,17,7
P11,17,20
P12,20,19
P13,23,7
P14,23,19
P15,25,5
P16,28,20
P17,28,45
P18,28,8
P19,28,4
P20,30,95
P21,32,9
P22,35,11
P23,38,8
P24,38,17
P25,38,11
P26,38,6
P27,39,1
P28,40,3
P29,43,16
P30,43,20
P31,46,14
P32,49,15
P33,50,4
P34,52,16
P35,53,14
P36,55,68
P37,55,17
P38,58,2
P39,61,3
P40,63,13
P41,64,12
P42,65,48
P43,68,1334
P44,71,483
P45,74,10
P46,77,11
P47,80,19
P48,81,12
P49,82,2
P50,85,12
P51,87,20
P52,89,7
P53,91,58
P54,93,10
P55,93,79
P56,94,15
P57,95,16
P58,98,18
P59,98,13
P60,99,1388
P61,100,4
P62,102,15
P63,105,7
P64,105,43
P65,108,63
P66,111,6
P67,113,100
P68,116,85
P69,117,7
P70,117,7
P71,118,15
P72,121,2
P73,122,4
P74,122,18
P75,125,18
P76,128,1
P77,129,1
P78,132,4
P79,133,11
P80,136,3
P81,137,18
P82,138,67
P83,141,4
P84,143,15
P85,144,14
P86,144,17
P87,146,34
P88,148,3
P89,148,11
P90,149,2
P91,151,2
P92,151,10
P93,153,20
P94,154,71
P95,155,50
P96,158,15
P97,158,16
P98,160,9
P99,161,4
P100,163,8
P101,164,1
P102,166,63
P103,169,1
P104,170,14
P105,170,16
P106,170,12
P107,173,17
P108,173,2
P109,176,6
P110,179,7
P111,179,18
P112,179,12
P113,181,18
P114,184,4
P115,184,19
P116,185,1175
P117,188,13
P118,189,7
P119,192,10
P120,192,8
P121,192,891
P122,193,16
P123,193,11
P124,194,7
P125,196,5
P126,199,10
P127,200,91
P128,200,16
P129,203,5
P130,206,5
P131,207,5
P132,208,5
P133,208,19
P134,210,4
P135,213,4
P136,213,6
P137,215,19
P138,215,1
P139,217,16
P140,220,8
P141,222,19
P142,225,12
P143,225,3
P144,228,3
P145,231,73
P146,232,18
P147,233,2
P148,236,16
P149,238,14
P150,238,631
P151,239,18
P152,240,15
P153,241,4
P154,242,9
P155,245,13
P156,245,2
P157,246,81
P158,249,11
P159,252,8
P160,255,17
P161,258,898
P162,260,20
P163,260,13
P164,262,16
P165,263,15
P166,266,85
P167,268,15
P168,270,13
P169,273,10
P170,274,3
P171,274,16
P172,277,7
P173,280,4
P174,281,8
P175,284,8
P176,285,3
P177,285,11
P178,287,19
P179,290,19
P180,291,13
P181,293,14
P182,293,12
P183,296,7
P184,297,7
P185,300,8
P186,300,14
P187,300,18
P188,303,10
P189,306,17
P190,307,51
P191,308,61
P192,311,5
P193,311,82
P194,313,7
P195,314,13
P196,316,15
P197,317,11
P198,317,11
P199,318,15
P200,321,631
P201,322,14
P202,324,11
P203,326,8
P204,328,18
P205,328,2
P206,331,14
P207,333,9
P208,335,80
P209,335,9
P210,335,18
P211,338,12
P212,340,10
P213,341,11
P214,342,22
P215,345,82
P216,346,11
P217,348,7
P218,348,13
P219,348,2
P220,349,48
P221,351,10
P222,354,10
P223,354,7
P224,355,6
P225,357,15
P226,359,1
P227,361,16
P228,363,44
P229,363,534
P230,364,15
P231,365,20
P232,365,2
P233,368,1
P234,370,15
P235,371,66
P236,373,19
P237,373,15
P238,373,20
P239,376,1268
P240,376,3
P241,378,13
P242,381,18
P243,383,13
P244,385,1380
P245,386,5
P246,386,4
P247,386,14
P248,386,17
P249,387,9
P250,390,14
P251,391,8
P252,391,6
P253,392,5
P254,395,20
P255,396,12
P256,396,3
P257,398,4
P258,399,1
P259,399,14
P260,401,39
P261,403,8
P262,403,9
P263,404,79
P264,404,19
P265,405,14
P266,406,17
P267,408,19
P268,408,98
P269,408,11
P270,411,15
P271,413,16
P272,416,16
P273,416,20
P274,417,9
P275,419,2
P276,419,1059
P277,421,12
P278,424,20
P279,427,5
P280,429,630
P281,431,19
P282,431,4
P283,432,1
P284,435,10
P285,438,9
P286,438,15
P287,438,3
P288,441,1
P289,442,19
P290,444,12
P291,445,11
P292,447,17
P293,449,94
P294,451,3
P295,454,7
P296,455,17
P297,455,1
P298,456,9
P299,457,20
P300,460,1110
P301,463,4
P302,466,19
P303,469,13
P304,469,16
P305,470,18
P306,473,52
P307,476,17
P308,477,11
P309,479,12
P310,480,4
P311,480,9
P312,481,20
P313,484,23
P314,485,17
P315,487,89
P316,490,683
P317,490,1
P318,490,71
P319,491,38
P320,491,9
P321,493,10
P322,496,4
P323,499,6
P324,501,6
P325,501,8
P326,504,16
P327,505,3
P328,507,10
P329,507,8
P330,507,877
P331,508,25
P332,510,17
P333,512,19
P334,515,4
P335,517,4
P336,517,44
P337,520,9
P338,522,24
P339,525,6
P340,526,1
P341,528,20
P342,528,1135
P343,528,20
P344,528,19
P345,528,18
P346,529,1277
P347,529,11
P348,532,6
P349,535,1249
P350,537,533
P351,540,8
P352,540,8
P353,542,7
P354,542,18
P355,543,100
P356,543,10
P357,543,11
P358,546,8
P359,546,9
P360,547,95
P361,547,6
P362,550,5
P363,553,8
P364,553,15
P365,554,89
P366,556,32
P367,559,3
P368,561,13
P369,562,20
P370,564,11
P371,567,9
P372,567,1351
P373,570,13
P374,570,19
P375,573,16
P376,574,18
P377,575,7
P378,575,8
P379,578,19
P380,579,16
P381,581,17
P382,584,17
P383,586,7
P384,586,18
P385,588,68
P386,589,17
P387,589,5
P388,590,59
P389,593,282
P390,596,13
P391,596,18
P392,599,12
P393,600,853
P394,602,2
P395,603,7
P396,605,72
P397,608,662
P398,611,2
P399,612,31
P400,615,5
P401,615,72
P402,618,14
P403,618,8
P404,618,45
P405,618,7
P406,618,1
P407,621,5
P408,623,16
P409,623,12
P410,625,4
P411,628,1
P412,629,80
P413,632,6
P414,635,19
P415,636,8
P416,636,8
P417,638,17
P418,640,1
P419,641,10
P420,641,49
P421,643,8
P422,645,17
P423,645,20
P424,645,13
P425,646,44
P426,647,3
P427,649,5
P428,652,9
P429,655,86
P430,656,12
P431,658,13
P432,659,14
P433,659,10
P434,661,3
P435,663,63
P436,666,12
P437,666,4
P438,669,8
P439,671,14
P440,673,14
P441,676,42
P442,679,14
P443,682,1
P444,683,7
P445,685,12
P446,687,1172
P447,690,17
P448,691,36
P449,691,78
P450,693,19
P451,696,17
P452,699,92
P453,701,12
P454,703,4
P455,706,12
P456,706,11
P457,708,17
P458,709,41
P459,711,6
P460,714,18
P461,717,6
P462,719,2
P463,722,54
P464,725,7
P465,725,12
P466,726,68
P467,728,3
P468,728,25
P469,729,13
P470,730,13
P471,731,7
P472,732,499
P473,735,10
P474,738,5
P475,740,2
P476,743,15
P477,746,15
P478,747,10
P479,749,15
P480,751,34
P481,752,8
P482,753,2
P483,753,14
P484,755,16
P485,755,18
P486,758,12
P487,761,5
P488,761,10
P489,764,9
P490,764,11
P491,765,11
P492,766,1
P493,767,8
P494,769,1
P495,769,20
P496,769,4
P497,772,8
P498,775,1026
P499,776,16
P500,778,11
P501,781,3
P502,782,14
P503,785,17
P504,785,20
P505,785,718
P506,786,8
P507,788,18
P508,788,15
P509,788,6
P510,790,20
P511,791,6
P512,793,20
P513,794,15
P514,795,6
P515,797,14
P516,797,20
P517,797,1055
P518,799,18
P519,799,13
P520,799,38
P521,802,8
P522,805,3
P523,805,20
P524,805,20
P525,805,12
P526,805,3
P527,805,73
P528,807,57
P529,807,7
P530,808,16
P531,808,25
P532,811,1
P533,811,6
P534,814,2
P535,816,2
P536,817,15
P537,818,19
P538,821,12
P539,822,18
P540,823,6
P541,823,6
P542,823,20
P543,825,10
P544,828,68
P545,828,8
P546,831,19
P547,834,4
P548,836,12
P549,836,3
P550,838,15
P551,841,15
P552,842,20
P553,842,11
P554,844,2
P555,845,808
P556,845,460
P557,848,2
P558,851,51
P559,853,13
P560,855,1
P561,856,16
P562,858,17
P563,858,4
P564,859,26
P565,860,9
P566,860,3
P567,862,48
P568,864,81
P569,867,9
P570,870,9
P571,871,17
P572,871,17
P573,873,15
P574,873,12
P575,874,15
P576,875,17
P577,876,92
P578,879,14
P579,880,15
P580,881,10
P581,883,5
P582,883,22
P583,884,1385
P584,884,14
P585,886,956
P586,887,12
P587,890,12
P588,890,7
P589,890,600
P590,891,13
P591,892,1
P592,893,16
P593,894,10
P594,896,1
P595,898,14
P596,901,8
P597,901,3
P598,901,37
P599,902,5
P600,903,17
P601,906,2
P602,906,12
P603,909,60
P604,909,5
P605,912,12
P606,913,14
P607,915,1
P608,918,95
P609,919,14
P610,920,7
P611,921,20
P612,922,6
P613,924,1
P614,926,10
P615,927,3
P616,930,20
P617,933,5
P618,933,17
P619,936,12
P620,939,1
P621,940,18
P622,942,5
P623,942,3
P624,944,14
P625,946,11
P626,948,10
P627,951,45
P628,952,9
P629,953,15
P630,956,10
P631,957,350
P632,959,11
P633,961,1024
P634,963,19
P635,964,4
P636,966,19
P637,969,15
P638,970,20
P639,970,7
P640,970,6
P641,970,50
P642,972,16
P643,972,20
P644,975,12
P645,978,1056
P646,981,91
P647,984,1
P648,984,16
P649,986,2
P650,986,9
P651,987,3
P652,987,14
P653,989,12
P654,992,13
P655,995,4
P656,996,14
P657,999,7
P658,1000,10
P659,1003,13
P660,1005,14
P661,1005,11
P662,1008,1
P663,1011,20
P664,1013,9
P665,1016,18
P666,1019,16
P667,1022,8
P668,1022,85
P669,1025,16
P670,1026,1
P671,1029,2
P672,1032,3
P673,1032,20
P674,1032,13
P675,1035,11
P676,1035,6
P677,1036,18
P678,1039,12
P679,1042,18
P680,1044,15
P681,1046,5
P682,1046,4
P683,1047,19
P684,1050,3
P685,1051,2
P686,1051,76
P687,1051,12
P688,1054,13
P689,1055,18
P690,1057,72
P691,1057,3
P692,1057,16
P693,1058,14
P694,1061,639
P695,1062,857
P696,1065,14
P697,1068,14
P698,1069,2
P699,1071,8
P700,1074,45
P701,1075,1
P702,1075,11
P703,1078,5
P704,1080,708
P705,1083,14
P706,1085,9
P707,1087,5
P708,1090,100
P709,1093,59
P710,1096,15
P711,1097,5
P712,1099,28
P713,1101,7
P714,1102,1
P715,1105,24
P716,1107,8
P717,1109,38
P718,1112,93
P719,1112,37
P720,1114,8
P721,1115,20
P722,1118,25
P723,1118,17
P724,1119,17
P725,1119,4
P726,1122,8
P727,1123,18
P728,1123,17
P729,1123,1
P730,1124,10
P731,1124,3
P732,1125,15
P733,1127,8
P734,1129,6
P735,1129,14
P736,1131,17
P737,1134,420
P738,1136,9
P739,1139,19
P740,1141,4
P741,1141,12
P742,1141,16
P743,1141,13
P744,1144,20
P745,1144,95
P746,1145,16
P747,1145,1197
P748,1148,15
P749,1149,8
P750,1150,10
P751,1150,13
P752,1150,12
P753,1150,88
P754,1150,5
P755,1152,3
P756,1155,9
P757,1157,16
P758,1159,11
P759,1159,2
P760,1162,5
P761,1162,12
P762,1162,3
P763,1162,15
P764,1165,11
P765,1168,100
P766,1168,16
P767,1168,20
P768,1168,17
P769,1168,1
P770,1170,72
P771,1172,19
P772,1175,863
P773,1175,8
P774,1175,12
P775,1177,14
P776,1177,97
P777,1178,11
P778,1180,25
P779,1182,5
P780,1182,4
P781,1182,69
P782,1182,13
P783,1184,1320
P784,1186,11
P785,1189,17
P786,1190,402
P787,1191,19
P788,1194,19
P789,1196,12
P790,1198,1
P791,1201,10
P792,1201,89
P793,1203,16
P794,1205,80
P795,1206,38
P796,1208,6
P797,1208,5
P798,1210,18
P799,1213,13
P800,1213,1084
P801,1215,19
P802,1215,13
P803,1217,15
P804,1217,5
P805,1220,76
P806,1222,13
P807,1223,18
P808,1226,318
P809,1226,8
P810,1228,73
P811,1231,4
P812,1231,1468
P813,1234,1149
P814,1237,1
P815,1238,1243
P816,1238,12
P817,1241,20
P818,1243,15
P819,1244,5
P820,1247,11
P821,1248,1359
P822,1251,9
P823,1251,51
P824,1253,20
P825,1253,10
P826,1254,9
P827,1254,15
P828,1257,16
P829,1257,1211
P830,1257,19
P831,1260,9
P832,1263,2
P833,1266,5
P834,1268,8
P835,1268,12
P836,1268,17
P837,1269,454
P838,1271,2
P839,1274,4
P840,1274,18
P841,1277,6
P842,1279,20
P843,1280,41
P844,1282,1
P845,1285,20
P846,1287,6
P847,1287,1
P848,1287,18
P849,1288,90
P850,1288,15
P851,1288,19
P852,1288,6
P853,1291,18
P854,1294,14
P855,1294,27
P856,1295,13
P857,1298,6
P858,1299,553
P859,1301,11
P860,1302,15
P861,1302,11
P862,1302,8
P863,1303,56
P864,1303,17
P865,1304,7
P866,1304,400
P867,1307,972
P868,1308,7
P869,1309,4
P870,1312,9
P871,1312,344
P872,1312,15
P873,1313,12
P874,1315,79
P875,1315,17
P876,1316,18
P877,1319,5
P878,1319,1463
P879,1321,20
P880,1323,12
P881,1326,9
P882,1327,8
P883,1329,54
P884,1329,6
P885,1331,5
P886,1333,13
P887,1334,13
P888,1334,15
P889,1334,1248
P890,1334,4
P891,1336,865
P892,1338,859
P893,1341,17
P894,1342,33
P895,1345,87
P896,1348,72
P897,1349,8
P898,1351,4
P899,1351,6
P900,1351,7
P901,1354,13
P902,1354,1497
P903,1356,17
P904,1356,18
P905,1356,13
P906,1359,16
P907,1360,6
P908,1362,86
P909,1363,6
P910,1363,29
P911,1366,11
P912,1366,3
P913,1369,9
P914,1371,10
P915,1374,10
P916,1374,45
P917,1375,18
P918,1378,7
P919,1380,4
P920,1382,15
P921,1383,11
P922,1383,1
P923,1384,100
P924,1385,12
P925,1387,10
P926,1389,14
P927,1390,32
P928,1390,6
P929,1391,20
P930,1393,18
P931,1394,8
P932,1396,4
P933,1396,10
P934,1396,9
P935,1398,1155
P936,1398,15
P937,1400,4
P938,1403,17
P939,1406,17
P940,1408,42
P941,1409,20
P942,1410,24
P943,1412,19
P944,1414,4
P945,1414,6
P946,1417,89
P947,1419,7
P948,1420,17
P949,1421,78
P950,1423,13
P951,1425,8
P952,1426,18
P953,1426,50
P954,1426,20
P955,1428,7
P956,1429,12
P957,1432,11
P958,1435,7
P959,1435,14
P960,1436,11
P961,1437,5
P962,1439,19
P963,1442,3
P964,1445,15
P965,1445,51
P966,1445,17
P967,1448,14
P968,1450,27
P969,1451,4
P970,1451,374
P971,1452,5
P972,1455,18
P973,1457,58
P974,1460,17
P975,1460,17
P976,1463,20
P977,1463,1424
P978,1464,68
P979,1465,72
P980,1466,13
P981,1467,9
P982,1469,5
P983,1472,7
P984,1472,6
P985,1475,18
P986,1477,76
P987,1478,93
P988,1479,9
P989,1479,10
P990,1481,14
P991,1482,13
P992,1485,18
P993,1487,15
P994,1487,12
P995,1487,13
P996,1488,4
P997,1488,2
P998,1491,84
P999,1493,10
P1000,1495,12
P1001,1495,18
P1002,1496,95
P1003,1499,15
P1004,1502,9
P1005,1502,23
P1006,1502,19
P1007,1502,8
P1008,1502,7
P1009,1505,6
P1010,1507,20
P1011,1507,9
P1012,1509,6
P1013,1511,14
P1014,1514,6
P1015,1514,12
P1016,1516,4
P1017,1517,4
P1018,1517,14
P1019,1520,92
P1020,1520,4
P1021,1523,18
P1022,1523,2
P1023,1524,19
P1024,1524,1156
P1025,1527,20
P1026,1527,8
P1027,1528,5
P1028,1531,9
P1029,1532,13
P1030,1532,14
P1031,1532,18
P1032,1532,2
P1033,1533,12
P1034,1536,17
P1035,1536,16
P1036,1538,9
P1037,1540,2
P1038,1542,973
P1039,1544,12
P1040,1547,5
P1041,1548,17
P1042,1551,14
P1043,1553,11
P1044,1553,923
P1045,1553,9
P1046,1555,13
P1047,1557,17
P1048,1557,9
P1049,1558,19
P1050,1558,61
P1051,1561,16
P1052,1563,54
P1053,1565,9
P1054,1566,18
P1055,1566,2
P1056,1567,5
P1057,1568,10
P1058,1569,15
P1059,1571,20
P1060,1573,5
P1061,1576,18
P1062,1578,9
P1063,1580,6
P1064,1582,11
P1065,1585,99
P1066,1586,48
P1067,1588,67
P1068,1589,66
P1069,1592,16
P1070,1593,8
P1071,1595,14
P1072,1598,7
P1073,1601,86
P1074,1602,12
P1075,1605,19
P1076,1605,10
P1077,1607,7
P1078,1609,20
P1079,1611,8
P1080,1614,14
P1081,1617,20
P1082,1619,8
P1083,1620,18
P1084,1621,3
P1085,1624,13
P1086,1625,549
P1087,1628,13
P1088,1631,11
P1089,1632,2
P1090,1633,2
P1091,1633,45
P1092,1636,17
P1093,1639,18
P1094,1639,19
P1095,1639,17
P1096,1641,13
P1097,1643,17
P1098,1646,41
P1099,1649,336
P1100,1650,16
P1101,1651,8
P1102,1653,95
P1103,1654,13
P1104,1657,10
P1105,1657,17
P1106,1657,12
P1107,1660,74
P1108,1662,7
P1109,1662,7
P1110,1662,16
P1111,1664,17
P1112,1664,12
P1113,1667,3
P1114,1670,18
P1115,1672,3
P1116,1673,1
P1117,1676,11
P1118,1678,20
P1119,1679,18
P1120,1682,17
P1121,1682,100
P1122,1683,4
P1123,1686,5
P1124,1688,20
P1125,1689,2
P1126,1689,12
P1127,1689,10
P1128,1690,19
P1129,1693,7
P1130,1693,1
P1131,1696,1
P1132,1696,20
P1133,1696,7
P1134,1698,14
P1135,1700,14
P1136,1701,16
P1137,1704,14
P1138,1706,15
P1139,1708,19
P1140,1708,16
P1141,1709,472
P1142,1712,4
P1143,1715,5
P1144,1718,3
P1145,1720,97
P1146,1723,17
P1147,1724,13
P1148,1725,1
P1149,1728,5
P1150,1730,13
P1151,1731,73
P1152,1734,19
P1153,1737,1
P1154,1740,19
P1155,1743,67
P1156,1746,12
P1157,1748,12
P1158,1751,18
P1159,1751,15
P1160,1752,2
P1161,1754,19
P1162,1755,16
P1163,1755,9
P1164,1757,22
P1165,1758,3
P1166,1758,20
P1167,1759,1
P1168,1759,11
P1169,1760,718
P1170,1762,18
P1171,1763,7
P1172,1766,8
P1173,1769,33
P1174,1770,4
P1175,1772,1
P1176,1772,6
P1177,1775,1286
P1178,1778,6
P1179,1781,7
P1180,1782,19
P1181,1785,6
P1182,1786,6
P1183,1788,9
P1184,1790,9
P1185,1792,8
P1186,1794,5
P1187,1794,15
P1188,1794,8
P1189,1795,11
P1190,1796,13
P1191,1797,1
P1192,1798,13
P1193,1800,7
P1194,1802,3
P1195,1805,18
P1196,1806,56
P1197,1806,2
P1198,1807,15
P1199,1810,5
P1200,1813,15
P1201,1814,16
P1202,1814,6
P1203,1814,53
P1204,1817,9
P1205,1819,20
P1206,1822,7
P1207,1825,392
P1208,1827,7
P1209,1830,3
P1210,1833,17
P1211,1833,11
P1212,1836,2
P1213,1839,16
P1214,1840,7
P1215,1843,9
P1216,1846,5
P1217,1846,9
P1218,1846,7
P1219,1849,10
P1220,1852,17
P1221,1852,17
P1222,1853,1
P1223,1855,12
P1224,1858,1
P1225,1860,8
P1226,1863,6
P1227,1865,18
P1228,1867,70
P1229,1869,1194
P1230,1869,22
P1231,1872,520
P1232,1875,9
P1233,1877,914
P1234,1878,8
P1235,1878,3
P1236,1881,49
P1237,1882,1
P1238,1882,19
P1239,1883,7
P1240,1886,12
P1241,1889,19
P1242,1889,2
P1243,1890,18
P1244,1891,1
P1245,1891,621
P1246,1893,20
P1247,1896,21
P1248,1897,10
P1249,1897,16
P1250,1898,16
P1251,1898,28
P1252,1899,18
P1253,1900,20
P1254,1902,85
P1255,1903,14
P1256,1903,83
P1257,1906,4
P1258,1907,16
P1259,1910,16
P1260,1910,75
P1261,1911,17
P1262,1913,37
P1263,1914,15
P1264,1917,2
P1265,1918,300
P1266,1921,4
P1267,1921,4
P1268,1924,23
P1269,1926,34
P1270,1929,20
P1271,1932,20
P1272,1932,10
P1273,1932,53
P1274,1933,10
P1275,1936,16
P1276,1938,74
P1277,1940,16
P1278,1940,1402
P1279,1940,82
P1280,1941,10
P1281,1944,30
P1282,1944,18
P1283,1946,58
P1284,1946,41
P1285,1947,15
P1286,1947,15
P1287,1950,65
P1288,1952,15
P1289,1953,296
P1290,1955,34
P1291,1957,94
P1292,1957,20
P1293,1958,8
P1294,1959,5
P1295,1961,9
P1296,1961,14
P1297,1964,48
P1298,1967,9
P1299,1969,17
P1300,1971,2
P1301,1972,17
P1302,1975,47
P1303,1978,3
P1304,1978,4
P1305,1978,94
P1306,1980,14
P1307,1983,9
P1308,1983,26
P1309,1985,954
P1310,1986,47
P1311,1988,4
P1312,1988,12
P1313,1989,15
P1314,1990,10
P1315,1990,13
P1316,1992,3
P1317,1993,6
P1318,1995,17
P1319,1997,5
P1320,1999,2
P1321,1999,7
P1322,2000,3
P1323,2002,6
P1324,2002,5
P1325,2002,5
P1326,2002,11
P1327,2005,13
P1328,2005,11
P1329,2007,19
P1330,2009,7
P1331,2010,3
P1332,2013,443
P1333,2015,11
P1334,2015,3
P1335,2016,81
P1336,2018,15
P1337,2020,15
P1338,2022,4
P1339,2025,8
P1340,2028,20
P1341,2030,610
P1342,2031,10
P1343,2034,88
P1344,2037,18
P1345,2039,10
P1346,2042,17
P1347,2044,11
P1348,2045,14
P1349,2047,10
P1350,2048,10
P1351,2049,5
P1352,2050,13
P1353,2051,18
P1354,2051,17
P1355,2053,5
P1356,2053,10
P1357,2055,450
P1358,2056,6
P1359,2059,8
P1360,2061,755
P1361,2063,27
P1362,2066,14
P1363,2066,4
P1364,2066,2
P1365,2067,12
P1366,2068,20
P1367,2071,5
P1368,2073,9
P1369,2076,11
P1370,2077,10
P1371,2079,7
P1372,2080,12
P1373,2081,19
P1374,2081,6
P1375,2081,14
P1376,2084,17
P1377,2086,15
P1378,2088,12
P1379,2091,15
P1380,2092,11
P1381,2095,9
P1382,2096,37
P1383,2098,1060
P1384,2098,90
P1385,2100,4
P1386,2102,20
P1387,2103,7
P1388,2104,3
P1389,2106,14
P1390,2106,12
P1391,2109,3
P1392,2110,2
P1393,2110,1265
P1394,2113,46
P1395,2115,787
P1396,2117,15
P1397,2119,8
P1398,2119,9
P1399,2119,1195
P1400,2121,17
P1401,2123,6
P1402,2124,295
P1403,2124,8
P1404,2127,19
P1405,2128,92
P1406,2130,14
P1407,2131,12
P1408,2133,17
P1409,2133,36
P1410,2135,20
P1411,2138,12
P1412,2141,4
P1413,2144,11
P1414,2144,36
P1415,2145,12
P1416,2145,66
P1417,2146,16
P1418,2147,20
P1419,2149,9
P1420,2151,8
P1421,2153,100
P1422,2155,12
P1423,2158,10
P1424,2160,8
P1425,2162,19
P1426,2164,20
P1427,2166,11
P1428,2169,2
P1429,2172,12
P1430,2173,20
P1431,2173,7
P1432,2174,1
P1433,2177,15
P1434,2177,14
P1435,2178,11
P1436,2179,8
P1437,2181,19
P1438,2183,18
P1439,2183,3
P1440,2185,7
P1441,2186,74
P1442,2187,5
P1443,2188,9
P1444,2189,7
P1445,2191,17
P1446,2194,15
P1447,2194,50
P1448,2194,14
P1449,2195,5
P1450,2197,70
P1451,2200,383
P1452,2202,1033
P1453,2202,10
P1454,2205,12
P1455,2207,6
P1456,2209,10
P1457,2212,10
P1458,2215,9
P1459,2217,2
P1460,2219,16
P1461,2222,9
P1462,2224,8
P1463,2226,7
P1464,2229,3
P1465,2231,5
P1466,2233,8
P1467,2233,833
P1468,2234,16
P1469,2235,16
P1470,2238,20
P1471,2241,10
P1472,2243,1
P1473,2243,9
P1474,2246,1
P1475,2246,61
P1476,2246,20
P1477,2249,14
P1478,2251,19
P1479,2253,50
P1480,2256,6
P1481,2256,20
P1482,2259,14
P1483,2262,6
P1484,2263,16
P1485,2265,6
P1486,2268,19
P1487,2271,1
P1488,2273,8
P1489,2275,17
P1490,2276,4
P1491,2277,13
P1492,2280,6
P1493,2280,7
P1494,2281,17
P1495,2283,15
P1496,2284,11
P1497,2286,17
P1498,2289,18
P1499,2290,62
P1500,2290,16
P1501,2291,17
P1502,2294,31
P1503,2295,5
P1504,2295,981
P1505,2298,4
P1506,2298,16
P1507,2298,11
P1508,2299,10
P1509,2300,2
P1510,2301,7
P1511,2301,10
P1512,2302,5
P1513,2305,98
P1514,2308,13
P1515,2310,13
P1516,2313,10
P1517,2313,9
P1518,2315,20
P1519,2316,50
P1520,2317,20
P1521,2320,3
P1522,2320,16
P1523,2323,18
P1524,2324,12
P1525,2326,3
P1526,2328,816
P1527,2330,18
P1528,2331,57
P1529,2333,58
P1530,2336,17
P1531,2339,11
P1532,2339,5
P1533,2342,100
P1534,2343,11
P1535,2346,8
P1536,2347,4
P1537,2349,9
P1538,2351,11
P1539,2351,19
P1540,2354,16
P1541,2354,2
P1542,2357,19
P1543,2359,20
P1544,2359,11
P1545,2359,17
P1546,2359,60
P1547,2362,10
P1548,2364,19
P1549,2367,25
P1550,2367,97
P1551,2369,2
P1552,2369,46
P1553,2371,20
P1554,2374,20
P1555,2376,17
P1556,2379,13
P1557,2379,8
P1558,2380,7
P1559,2381,3
P1560,2381,36
P1561,2381,60
P1562,2384,20
P1563,2387,3
P1564,2388,8
P1565,2388,6
P1566,2391,16
P1567,2393,16
P1568,2395,7
P1569,2398,18
P1570,2400,8
P1571,2401,1062
P1572,2404,22
P1573,2406,14
P1574,2408,65
P1575,2408,23
P1576,2409,83
P1577,2411,17
P1578,2412,2
P1579,2413,2
P1580,2413,2
P1581,2414,57
P1582,2416,36
P1583,2419,10
P1584,2421,8
P1585,2422,93
P1586,2423,12
P1587,2424,18
P1588,2427,8
P1589,2428,73
P1590,2430,17
P1591,2432,19
P1592,2433,8
P1593,2436,12
P1594,2438,799
P1595,2439,90
P1596,2439,9
P1597,2441,27
P1598,2443,1
P1599,2443,76
P1600,2443,8
P1601,2443,68
P1602,2443,12
P1603,2445,80
P1604,2447,29
P1605,2449,2
P1606,2451,1
P1607,2451,19
P1608,2454,18
P1609,2456,19
P1610,2459,13
P1611,2459,1
P1612,2460,2
P1613,2462,16
P1614,2465,8
P1615,2466,7
P1616,2468,18
P1617,2468,11
P1618,2471,9
P1619,2474,4
P1620,2476,1355
P1621,2479,20
P1622,2479,6
P1623,2482,17
P1624,2482,6
P1625,2483,4
P1626,2485,10
P1627,2487,5
P1628,2489,30
P1629,2491,13
P1630,2494,57
P1631,2496,8
P1632,2496,8
P1633,2497,34
P1634,2497,16
P1635,2498,14
P1636,2501,13
P1637,2502,3
P1638,2503,11
P1639,2503,5
P1640,2503,8
P1641,2503,7
P1642,2506,14
P1643,2507,7
P1644,2508,88
P1645,2510,63
P1646,2510,13
P1647,2512,3
P1648,2512,14
P1649,2514,14
P1650,2516,18
P1651,2519,4
P1652,2522,16
P1653,2525,5
P1654,2527,17
P1655,2527,6
P1656,2529,20
P1657,2530,7
P1658,2533,8
P1659,2533,18
P1660,2534,3
P1661,2535,7
P1662,2537,12
P1663,2540,76
P1664,2540,15
P1665,2541,19
P1666,2544,1188
P1667,2545,14
P1668,2545,818
P1669,2547,26
P1670,2548,60
P1671,2551,89
P1672,2552,79
P1673,2554,14
P1674,2555,5
P1675,2555,1
P1676,2555,6
P1677,2558,13
P1678,2560,1078
P1679,2563,17
P1680,2566,14
P1681,2569,551
P1682,2569,2
P1683,2572,7
P1684,2575,1
P1685,2576,2
P1686,2578,62
P1687,2581,5
P1688,2581,11
P1689,2581,5
P1690,2583,20
P1691,2583,14
P1692,2585,16
P1693,2588,9
P1694,2589,3
P1695,2589,14
P1696,2592,84
P1697,2592,56
P1698,2594,3
P1699,2596,8
P1700,2599,2
P1701,2602,7
P1702,2605,16
P1703,2608,8
P1704,2611,15
P1705,2613,7
P1706,2613,12
P1707,2613,12
P1708,2615,20
P1709,2617,14
P1710,2618,75
P1711,2621,8
P1712,2622,8
P1713,2625,13
P1714,2627,18
P1715,2628,15
P1716,2628,6
P1717,2631,12
P1718,2632,9
P1719,2632,17
P1720,2635,20
P1721,2636,8
P1722,2636,18
P1723,2639,8
P1724,2640,9
P1725,2640,14
P1726,2642,7
P1727,2643,10
P1728,2643,8
P1729,2646,4
P1730,2647,4
P1731,2647,57
P1732,2650,28
P1733,2651,2
P1734,2653,524
P1735,2653,8
P1736,2653,4
P1737,2654,14
P1738,2654,1
P1739,2654,20
P1740,2655,15
P1741,2657,20
P1742,2659,55
P1743,2661,1
P1744,2663,83
P1745,2665,85
P1746,2668,2
P1747,2671,18
P1748,2674,10
P1749,2676,25
P1750,2679,4
P1751,2681,88
P1752,2682,2
P1753,2684,3
P1754,2686,3
P1755,2686,13
P1756,2687,14
P1757,2687,8
P1758,2690,9
P1759,2690,3
P1760,2692,11
P1761,2693,349
P1762,2694,5
P1763,2694,445
P1764,2696,93
P1765,2697,7
P1766,2698,79
P1767,2699,53
P1768,2699,2
P1769,2701,762
P1770,2703,12
P1771,2704,12
P1772,2707,14
P1773,2710,12
P1774,2711,16
P1775,2711,19
P1776,2714,20
P1777,2714,74
P1778,2716,7
P1779,2717,5
P1780,2719,2
P1781,2719,18
P1782,2720,18
P1783,2721,7
P1784,2723,453
P1785,2726,8
P1786,2727,6
P1787,2730,20
P1788,2732,2
P1789,2732,13
P1790,2732,1
P1791,2735,13
P1792,2737,29
P1793,2737,17
P1794,2738,74
P1795,2739,22
P1796,2741,89
P1797,2743,13
P1798,2744,14
P1799,2747,9
P1800,2747,19
P1801,2750,12
P1802,2752,62
P1803,2755,53
P1804,2757,354
P1805,2757,16
P1806,2760,1184
P1807,2761,14
P1808,2764,20
P1809,2765,17
P1810,2768,1
P1811,2769,19
P1812,2769,3
P1813,2772,2
P1814,2773,10
P1815,2776,87
P1816,2778,15
P1817,2781,19
P1818,2783,1
P1819,2785,7
P1820,2786,14
P1821,2786,71
P1822,2789,18
P1823,2789,20
P1824,2792,12
P1825,2793,20
P1826,2795,9
P1827,2795,2
P1828,2796,14
P1829,2799,3
P1830,2802,9
P1831,2805,5
P1832,2806,5
P1833,2808,4
P1834,2811,14
P1835,2811,20
P1836,2814,7
P1837,2817,2
P1838,2818,16
P1839,2819,1276
P1840,2819,1
P1841,2819,20
P1842,2821,16
P1843,2824,18
P1844,2826,2
P1845,2826,8
P1846,2827,4
P1847,2830,4
P1848,2830,3
P1849,2831,5
P1850,2831,72
P1851,2834,11
P1852,2836,14
P1853,2839,20
P1854,2839,88
P1855,2841,3
P1856,2843,8
P1857,2844,1042
P1858,2844,8
P1859,2844,10
P1860,2847,2
P1861,2848,18
P1862,2848,23
P1863,2848,7
P1864,2851,14
P1865,2853,59
P1866,2855,3
P1867,2858,9
P1868,2858,13
P1869,2861,29
P1870,2862,6
P1871,2865,12
P1872,2867,3
P1873,2869,8
P1874,2869,1288
P1875,2870,15
P1876,2870,10
P1877,2871,1
P1878,2874,3
P1879,2877,1472
P1880,2878,12
P1881,2879,13
P1882,2881,18
P1883,2883,14
P1884,2884,5
P1885,2884,4
P1886,2886,9
P1887,2887,13
P1888,2889,17
P1889,2892,81
P1890,2892,8
P1891,2892,5
P1892,2893,13
P1893,2894,14
P1894,2894,80
P1895,2896,17
P1896,2897,11
P1897,2900,5
P1898,2901,16
P1899,2902,24
P1900,2905,20
P1901,2908,3
P1902,2911,17
P1903,2913,35
P1904,2915,10
P1905,2917,17
P1906,2919,11
P1907,2920,11
P1908,2920,7
P1909,2923,19
P1910,2923,32
P1911,2926,67
P1912,2927,11
P1913,2927,10
P1914,2929,1
P1915,2929,19
P1916,2930,5
P1917,2932,10
P1918,2934,2
P1919,2935,10
P1920,2935,8
P1921,2937,5
P1922,2938,14
P1923,2940,9
P1924,2940,10
P1925,2940,50
P1926,2941,18
P1927,2944,14
P1928,2946,7
P1929,2949,11
P1930,2949,14
P1931,2950,5
P1932,2953,11
P1933,2953,6
P1934,2956,12
P1935,2959,2
P1936,2961,74
P1937,2963,19
P1938,2964,4
P1939,2966,16
P1940,2967,8
P1941,2970,13
P1942,2973,6
P1943,2974,6
P1944,2976,10
P1945,2976,14
P1946,2978,4
P1947,2978,6
P1948,2980,14
P1949,2980,42
P1950,2981,11
P1951,2983,2
P1952,2986,19
P1953,2989,13
P1954,2990,10
P1955,2993,1
P1956,2995,8
P1957,2995,15
P1958,2995,53
P1959,2997,3
P1960,2997,2
P1961,2997,5
P1962,2997,18
P1963,3000,20
P1964,3002,10
P1965,3004,12
P1966,3007,79
P1967,3007,96
P1968,3009,10
P1969,3011,17
P1970,3012,14
P1971,3012,31
P1972,3014,2
P1973,3015,2
P1974,3016,7
P1975,3017,6
P1976,3019,35
P1977,3020,12
P1978,3021,6
P1979,3022,12
P1980,3025,20
P1981,3026,2
P1982,3026,18
P1983,3028,4
P1984,3031,88
P1985,3031,7
P1986,3033,3
P1987,3036,12
P1988,3038,12
P1989,3039,442
P1990,3041,12
P1991,3041,15
P1992,3043,11
P1993,3044,17
P1994,3045,14
P1995,3045,6
P1996,3045,11
P1997,3045,15
P1998,3046,77
P1999,3046,14
P2000,3047,18
P2001,3048,20
P2002,3048,3
P2003,3048,4
P2004,3048,16
P2005,3051,87
P2006,3053,12
P2007,3055,81
P2008,3057,1
P2009,3060,79
P2010,3061,14
P2011,3061,15
P2012,3063,8
P2013,3066,26
P2014,3069,16
P2015,3069,9
P2016,3070,53
P2017,3072,8
P2018,3075,12
P2019,3075,1
P2020,3078,964
P2021,3080,11
P2022,3080,6
P2023,3082,16
P2024,3083,12
P2025,3084,3
P2026,3084,45
P2027,3084,9
P2028,3085,59
P2029,3087,1
P2030,3090,1
P2031,3093,1
P2032,3093,3
P2033,3093,40
P2034,3095,4
P2035,3098,53
P2036,3100,81
P2037,3102,15
P2038,3103,16
P2039,3104,8
P2040,3107,100
P2041,3107,401
P2042,3108,4
P2043,3109,1347
P2044,3112,2
P2045,3112,3
P2046,3113,2
P2047,3114,19
P2048,3116,10
P2049,3119,10
P2050,3119,17
P2051,3119,16
P2052,3121,3
P2053,3121,2
P2054,3124,18
P2055,3124,61
P2056,3124,2
P2057,3126,734
P2058,3126,20
P2059,3129,20
P2060,3129,45
P2061,3131,9
P2062,3133,12
P2063,3135,9
P2064,3138,11
P2065,3139,19
P2066,3142,8
P2067,3145,1
P2068,3148,4
P2069,3149,10
P2070,3151,6
P2071,3153,6
P2072,3156,17
P2073,3159,19
P2074,3161,7
P2075,3161,13
P2076,3162,2
P2077,3163,6
P2078,3163,5
P2079,3165,6
P2080,3166,13
P2081,3168,3
P2082,3170,7
P2083,3170,1
P2084,3172,71
P2085,3175,8
P2086,3175,6
P2087,3176,9
P2088,3179,18
P2089,3181,14
P2090,3182,7
P2091,3183,13
P2092,3183,6
P2093,3185,7
P2094,3188,11
P2095,3189,7
P2096,3192,18
P2097,3193,9
P2098,3195,10
P2099,3196,2
P2100,3196,11
P2101,3197,10
P2102,3198,3
P2103,3201,6
P2104,3203,5
P2105,3205,2
P2106,3205,1
P2107,3205,414
P2108,3205,14
P2109,3206,541
P2110,3208,1
P2111,3209,15
P2112,3211,13
P2113,3212,19
P2114,3212,19
P2115,3213,14
P2116,3213,20
P2117,3213,14
P2118,3213,15
P2119,3216,4
P2120,3219,100
P2121,3222,16
P2122,3223,18
P2123,3224,7
P2124,3226,12
P2125,3227,13
P2126,3228,18
P2127,3231,90
P2128,3231,20
P2129,3233,8
P2130,3236,70
P2131,3237,15
P2132,3239,52
P2133,3239,12
P2134,3239,1
P2135,3240,77
P2136,3243,1
P2137,3245,18
P2138,3247,76
P2139,3248,1
P2140,3251,20
P2141,3253,20
P2142,3254,13
P2143,3257,2
P2144,3258,14
P2145,3260,9
P2146,3260,22
P2147,3261,17
P2148,3261,7
P2149,3263,20
P2150,3265,100
P2151,3266,2
P2152,3269,8
P2153,3272,66
P2154,3275,954
P2155,3276,14
P2156,3278,71
P2157,3281,4
P2158,3282,5
P2159,3282,12
P2160,3285,10
P2161,3285,14
P2162,3288,8
P2163,3289,13
P2164,3292,10
P2165,3295,20
P2166,3297,13
P2167,3297,2
P2168,3297,18
P2169,3300,23
P2170,3300,20
P2171,3302,10
P2172,3302,5
P2173,3305,5
P2174,3307,7
P2175,3307,10
P2176,3310,15
P2177,3311,20
P2178,3312,81
P2179,3314,3
P2180,3316,10
P2181,3318,16
P2182,3321,13
P2183,3323,86
P2184,3323,7
P2185,3323,4
P2186,3325,71
P2187,3328,7
P2188,3328,20
P2189,3329,13
P2190,3331,100
P2191,3333,61
P2192,3335,12
P2193,3336,17
P2194,3338,6
P2195,3338,19
P2196,3340,9
P2197,3341,18
P2198,3342,5
P2199,3342,12
P2200,3344,6
P2201,3345,72
P2202,3348,97
P2203,3350,14
P2204,3353,2
P2205,3355,66
P2206,3358,11
P2207,3358,94
P2208,3359,17
P2209,3361,6
P2210,3362,18
P2211,3363,14
P2212,3366,8
P2213,3368,55
P2214,3369,19
P2215,3372,9
P2216,3374,9
P2217,3376,12
P2218,3379,11
P2219,3379,9
P2220,3381,13
P2221,3382,14
P2222,3384,7
P2223,3386,4
P2224,3388,9
P2225,3389,3
P2226,3389,8
P2227,3391,6
P2228,3392,14
P2229,3394,19
P2230,3396,1
P2231,3399,4
P2232,3402,34
P2233,3405,2
P2234,3406,3
P2235,3409,12
P2236,3411,3
P2237,3412,3
P2238,3412,14
P2239,3412,8
P2240,3412,9
P2241,3412,75
P2242,3414,18
P2243,3417,6
P2244,3420,7
P2245,3422,8
P2246,3423,2
P2247,3425,7
P2248,3425,15
P2249,3425,76
P2250,3427,16
P2251,3429,17
P2252,3431,2
P2253,3434,10
P2254,3435,82
P2255,3438,39
P2256,3438,5
P2257,3441,837
P2258,3441,20
P2259,3444,7
P2260,3447,18
P2261,3447,14
P2262,3449,47
P2263,3451,12
P2264,3452,17
P2265,3453,3
P2266,3455,432
P2267,3457,1
P2268,3458,34
P2269,3461,9
P2270,3461,14
P2271,3462,12
P2272,3464,17
P2273,3466,26
P2274,3469,7
P2275,3472,10
P2276,3472,1
P2277,3474,18
P2278,3477,13
P2279,3477,19
P2280,3480,2
P2281,3481,16
P2282,3481,5
P2283,3482,3
P2284,3482,16
P2285,3483,8
P2286,3486,18
P2287,3488,737
P2288,3491,9
P2289,3491,19
P2290,3492,3
P2291,3493,12
P2292,3495,16
P2293,3496,52
P2294,3497,20
P2295,3498,6
P2296,3499,20
P2297,3500,7
P2298,3500,9
P2299,3503,6
P2300,3505,499
P2301,3506,7
P2302,3506,3
P2303,3508,17
P2304,3509,11
P2305,3510,12
P2306,3513,9
P2307,3515,10
P2308,3517,14
P2309,3518,705
P2310,3520,6
P2311,3521,12
P2312,3522,12
P2313,3524,2
P2314,3526,1
P2315,3528,4
P2316,3529,16
P2317,3530,15
P2318,3530,7
P2319,3531,1
P2320,3532,16
P2321,3534,9
P2322,3535,17
P2323,3537,15
P2324,3537,14
P2325,3539,4
P2326,3542,20
P2327,3543,8
P2328,3546,17
P2329,3548,15
P2330,3548,8
P2331,3549,11
P2332,3551,91
P2333,3552,18
P2334,3555,2
P2335,3558,3
P2336,3561,7
P2337,3561,17
P2338,3563,17
P2339,3564,3
P2340,3565,19
P2341,3568,12
P2342,3569,15
P2343,3571,14
P2344,3574,43
P2345,3574,20
P2346,3575,15
P2347,3576,8
P2348,3577,5
P2349,3580,11
P2350,3582,1324
P2351,3583,70
P2352,3586,67
P2353,3589,8
P2354,3591,5
P2355,3594,440
P2356,3596,15
P2357,3596,7
P2358,3599,14
P2359,3599,91
P2360,3602,20
P2361,3602,12
P2362,3604,8
P2363,3607,97
P2364,3607,18
P2365,3609,6
P2366,3610,1
P2367,3610,3
P2368,3613,17
P2369,3613,2
P2370,3613,2
P2371,3615,13
P2372,3615,10
P2373,3617,15
P2374,3618,5
P2375,3621,4
P2376,3621,17
P2377,3623,4
P2378,3625,34
P2379,3627,26
P2380,3629,15
P2381,3629,1
P2382,3631,1
P2383,3633,1266
P2384,3633,8
P2385,3635,15
P2386,3636,8
P2387,3637,12
P2388,3640,17
P2389,3640,3
P2390,3641,20
P2391,3644,924
P2392,3647,75
P2393,3650,20
P2394,3650,22
P2395,3652,18
P2396,3652,5
P2397,3655,21
P2398,3658,19
P2399,3661,1
P2400,3662,11
P2401,3665,2
P2402,3668,4
P2403,3670,16
P2404,3670,8
P2405,3672,19
P2406,3675,727
P2407,3677,13
P2408,3678,7
P2409,3678,8
P2410,3680,18
P2411,3681,11
P2412,3682,16
P2413,3683,3
P2414,3686,11
P2415,3686,1
P2416,3688,17
P2417,3689,20
P2418,3689,13
P2419,3692,3
P2420,3695,7
P2421,3695,7
P2422,3696,18
P2423,3696,6
P2424,3699,12
P2425,3701,50
P2426,3702,1
P2427,3705,19
P2428,3705,8
P2429,3705,12
P2430,3708,17
P2431,3711,8
P2432,3711,23
P2433,3714,4
P2434,3717,2
P2435,3720,17
P2436,3722,16
P2437,3722,9
P2438,3723,4
P2439,3723,17
P2440,3725,45
P2441,3728,12
P2442,3730,9
P2443,3732,1
P2444,3735,15
P2445,3735,15
P2446,3736,15
P2447,3739,7
P2448,3742,29
P2449,3744,4
P2450,3746,9
P2451,3748,783
P2452,3751,11
P2453,3753,6
P2454,3754,20
P2455,3755,9
P2456,3758,14
P2457,3759,1500
P2458,3759,3
P2459,3761,7
P2460,3763,36
P2461,3766,19
P2462,3766,75
P2463,3766,8
P2464,3767,15
P2465,3769,5
P2466,3769,12
P2467,3771,5
P2468,3773,8
P2469,3775,77
P2470,3775,1
P2471,3778,7
P2472,3781,15
P2473,3784,83
P2474,3786,10
P2475,3788,5
P2476,3791,10
P2477,3793,3
P2478,3793,20
P2479,3795,20
P2480,3796,3
P2481,3796,50
P2482,3796,16
P2483,3797,1
P2484,3797,13
P2485,3798,7
P2486,3798,1
P2487,3799,9
P2488,3802,8
P2489,3805,2
P2490,3807,10
P2491,3810,867
P2492,3810,55
P2493,3813,58
P2494,3815,2
P2495,3817,1
P2496,3817,1
P2497,3819,19
P2498,3820,7
P2499,3823,8
P2500,3823,2
P2501,3824,8
P2502,3827,13
P2503,3830,6
P2504,3831,17
P2505,3834,14
P2506,3836,13
P2507,3839,61
P2508,3842,12
P2509,3842,65
P2510,3844,15
P2511,3846,11
P2512,3846,9
P2513,3847,69
P2514,3848,16
P2515,3848,14
P2516,3850,47
P2517,3850,1
P2518,3851,7
P2519,3854,7
P2520,3856,14
P2521,3857,2
P2522,3858,932
P2523,3860,405
P2524,3863,2
P2525,3864,10
P2526,3867,13
P2527,3868,8
P2528,3868,71
P2529,3871,10
P2530,3873,4
P2531,3874,61
P2532,3874,4
P2533,3876,2
P2534,3879,4
P2535,3881,7
P2536,3882,968
P2537,3884,75
P2538,3887,7
P2539,3888,10
P2540,3891,6
P2541,3891,18
P2542,3891,9
P2543,3894,19
P2544,3896,5
P2545,3896,18
P2546,3898,92
P2547,3899,12
P2548,3902,5
P2549,3902,9
P2550,3902,62
P2551,3902,379
P2552,3904,5
P2553,3904,3
P2554,3905,4
P2555,3907,15
P2556,3908,4
P2557,3909,17
P2558,3910,12
P2559,3911,48
P2560,3911,14
P2561,3912,18
P2562,3914,9
P2563,3915,16
P2564,3918,9
P2565,3921,12
P2566,3924,1008
P2567,3924,45
P2568,3925,11
P2569,3928,8
P2570,3928,5
P2571,3928,3
P2572,3928,20
P2573,3928,10
P2574,3930,8
P2575,3931,10
P2576,3931,6
P2577,3932,6
P2578,3934,3
P2579,3936,41
P2580,3936,12
P2581,3936,6
P2582,3937,19
P2583,3940,15
P2584,3941,2
P2585,3943,17
P2586,3945,15
P2587,3945,18
P2588,3948,10
P2589,3949,16
P2590,3952,1355
P2591,3954,12
P2592,3954,5
P2593,3956,17
P2594,3959,18
P2595,3961,6
P2596,3962,5
P2597,3963,99
P2598,3965,9
P2599,3968,9
P2600,3971,772
P2601,3973,16
P2602,3975,3
P2603,3978,20
P2604,3981,3
P2605,3984,5
P2606,3986,19
P2607,3989,15
P2608,3989,17
P2609,3992,7
P2610,3994,12
P2611,3994,15
P2612,3997,11
P2613,3998,2
P2614,4001,13
P2615,4003,8
P2616,4003,9
P2617,4004,4
P2618,4007,81
P2619,4007,17
P2620,4008,19
P2621,4009,16
P2622,4009,19
P2623,4012,17
P2624,4014,17
P2625,4017,6
P2626,4019,20
P2627,4021,19
P2628,4024,29
P2629,4025,31
P2630,4028,44
P2631,4030,66
P2632,4031,3
P2633,4034,12
P2634,4037,17
P2635,4040,22
P2636,4043,4
P2637,4046,10
P2638,4046,9
P2639,4047,12
P2640,4047,6
P2641,4048,7
P2642,4050,9
P2643,4052,10
P2644,4052,3
P2645,4055,19
P2646,4057,6
P2647,4058,3
P2648,4060,918
P2649,4061,3
P2650,4064,4
P2651,4065,10
P2652,4066,18
P2653,4066,278
P2654,4069,5
P2655,4069,2
P2656,4070,98
P2657,4070,8
P2658,4070,943
P2659,4073,18
P2660,4076,1
P2661,4079,13
P2662,4082,18
P2663,4085,5
P2664,4085,17
P2665,4085,7
P2666,4087,20
P2667,4088,13
P2668,4090,10
P2669,4090,9
P2670,4091,78
P2671,4094,3
P2672,4094,1
P2673,4094,41
P2674,4094,14
P2675,4094,8
P2676,4096,16
P2677,4098,16
P2678,4100,18
P2679,4101,14
P2680,4102,10
P2681,4104,18
P2682,4106,1
P2683,4106,6
P2684,4106,6
P2685,4106,7
P2686,4107,14
P2687,4109,3
P2688,4110,74
P2689,4110,480
P2690,4110,20
P2691,4113,20
P2692,4114,2
P2693,4114,25
P2694,4116,11
P2695,4118,10
P2696,4118,6
P2697,4120,16
P2698,4120,19
P2699,4123,2
P2700,4123,19
P2701,4123,33
P2702,4123,5
P2703,4123,2
P2704,4124,70
P2705,4127,88
P2706,4128,12
P2707,4128,6
P2708,4131,3
P2709,4131,61
P2710,4132,8
P2711,4132,10
P2712,4135,16
P2713,4137,10
P2714,4138,19
P2715,4140,47
P2716,4142,4
P2717,4143,9
P2718,4146,16
P2719,4148,13
P2720,4149,2
P2721,4150,16
P2722,4151,3
P2723,4153,15
P2724,4156,8
P2725,4158,12
P2726,4160,19
P2727,4162,20
P2728,4164,1490
P2729,4164,1359
P2730,4164,21
P2731,4166,1
P2732,4169,13
P2733,4172,45
P2734,4175,587
P2735,4176,46
P2736,4177,5
P2737,4178,14
P2738,4181,10
P2739,4183,8
P2740,4185,12
P2741,4187,15
P2742,4187,19
P2743,4188,10
P2744,4191,10
P2745,4193,15
P2746,4196,1
P2747,4199,49
P2748,4202,15
P2749,4205,5
P2750,4206,46
P2751,4207,14
P2752,4210,16
P2753,4210,9
P2754,4210,12
P2755,4210,15
P2756,4213,16
P2757,4214,5
P2758,4215,5
P2759,4217,12
P2760,4219,70
P2761,4222,100
P2762,4225,68
P2763,4225,20
P2764,4227,5
P2765,4227,20
P2766,4229,20
P2767,4232,4
P2768,4233,12
P2769,4236,13
P2770,4239,88
P2771,4242,68
P2772,4243,13
P2773,4245,15
P2774,4245,15
P2775,4247,54
P2776,4250,5
P2777,4252,2
P2778,4252,3
P2779,4254,8
P2780,4255,14
P2781,4258,15
P2782,4259,17
P2783,4262,18
P2784,4262,1
P2785,4262,6
P2786,4262,12
P2787,4264,26
P2788,4264,88
P2789,4264,15
P2790,4265,2
P2791,4267,19
P2792,4268,5
P2793,4269,27
P2794,4270,16
P2795,4271,20
P2796,4273,13
P2797,4276,7
P2798,4277,14
P2799,4278,13
P2800,4278,22
P2801,4280,5
P2802,4280,17
P2803,4280,7
P2804,4280,14
P2805,4283,15
P2806,4284,15
P2807,4284,20
P2808,4287,2
P2809,4287,23
P2810,4288,4
P2811,4290,12
P2812,4293,8
P2813,4294,13
P2814,4296,15
P2815,4299,11
P2816,4301,50
P2817,4302,1
P2818,4305,8
P2819,4306,18
P2820,4306,9
P2821,4308,5
P2822,4308,11
P2823,4309,11
P2824,4310,20
P2825,4310,18
P2826,4313,7
P2827,4313,84
P2828,4313,264
P2829,4314,3
P2830,4317,9
P2831,4317,75
P2832,4319,18
P2833,4320,8
P2834,4323,2
P2835,4326,1085
P2836,4328,17
P2837,4329,3
P2838,4331,3
P2839,4334,11
P2840,4335,2
P2841,4335,19
P2842,4335,28
P2843,4338,4
P2844,4340,2
P2845,4340,17
P2846,4340,18
P2847,4343,845
P2848,4343,10
P2849,4345,11
P2850,4345,11
P2851,4345,8
P2852,4346,17
P2853,4347,19
P2854,4348,12
P2855,4351,5
P2856,4352,18
P2857,4355,46
P2858,4355,16
P2859,4357,82
P2860,4357,16
P2861,4359,6
P2862,4361,8
P2863,4363,14
P2864,4364,11
P2865,4364,6
P2866,4366,19
P2867,4368,11
P2868,4369,13
P2869,4371,2
P2870,4373,9
P2871,4373,63
P2872,4375,6
P2873,4375,274
P2874,4377,3
P2875,4378,11
P2876,4379,19
P2877,4379,18
P2878,4382,2
P2879,4384,7
P2880,4385,6
P2881,4385,18
P2882,4386,5
P2883,4386,6
P2884,4386,2
P2885,4386,11
P2886,4389,85
P2887,4392,1
P2888,4392,2
P2889,4395,4
P2890,4395,4
P2891,4395,4
P2892,4397,8
P2893,4398,4
P2894,4401,41
P2895,4402,371
P2896,4403,19
P2897,4406,17
P2898,4406,19
P2899,4408,17
P2900,4411,20
P2901,4413,26
P2902,4414,2
P2903,4414,26
P2904,4415,7
P2905,4415,7
P2906,4418,3
P2907,4420,92
P2908,4421,15
P2909,4421,12
P2910,4424,7
P2911,4424,11
P2912,4427,14
P2913,4430,13
P2914,4432,16
P2915,4433,20
P2916,4433,20
P2917,4433,14
P2918,4433,14
P2919,4434,2
P2920,4435,8
P2921,4435,8
P2922,4437,32
P2923,4439,6
P2924,4440,11
P2925,4442,9
P2926,4442,1368
P2927,4445,14
P2928,4447,5
P2929,4450,16
P2930,4451,1
P2931,4452,3
P2932,4453,3
P2933,4455,5
P2934,4458,6
P2935,4460,14
P2936,4462,69
P2937,4465,11
P2938,4466,4
P2939,4467,13
P2940,4469,7
P2941,4472,11
P2942,4474,15
P2943,4477,77
P2944,4480,15
P2945,4480,8
P2946,4480,12
P2947,4483,88
P2948,4483,16
P2949,4484,1
P2950,4484,18
P2951,4487,5
P2952,4488,18
P2953,4490,14
P2954,4491,18
P2955,4491,5
P2956,4491,78
P2957,4492,17
P2958,4493,19
P2959,4495,6
P2960,4497,10
P2961,4497,21
P2962,4498,14
P2963,4499,6
P2964,4502,13
P2965,4502,17
P2966,4503,13
P2967,4503,15
P2968,4503,3
P2969,4503,2
P2970,4505,4
P2971,4508,11
P2972,4509,18
P2973,4509,2
P2974,4512,5
P2975,4512,4
P2976,4513,1
P2977,4514,5
P2978,4516,52
P2979,4517,15
P2980,4517,8
P2981,4519,672
P2982,4520,6
P2983,4523,19
P2984,4524,1043
P2985,4526,31
P2986,4526,12
P2987,4526,1
P2988,4526,4
P2989,4529,11
P2990,4529,13
P2991,4529,56
P2992,4531,56
P2993,4531,12
P2994,4534,16
P2995,4537,37
P2996,4538,4
P2997,4539,5
P2998,4541,10
P2999,4542,5
P3000,4545,18
P3001,4548,5
P3002,4549,17
P3003,4550,8
P3004,4552,3
P3005,4555,6
P3006,4558,8
P3007,4561,10
P3008,4561,1108
P3009,4564,4
P3010,4564,12
P3011,4566,15
P3012,4568,7
P3013,4570,26
P3014,4572,7
P3015,4573,18
P3016,4576,17
P3017,4577,19
P3018,4578,2
P3019,4578,18
P3020,4578,4
P3021,4581,14
P3022,4584,3
P3023,4584,2
P3024,4587,20
P3025,4587,6
P3026,4588,13
P3027,4588,20
P3028,4591,15
P3029,4594,2
P3030,4597,16
P3031,4597,26
P3032,4600,9
P3033,4602,10
P3034,4605,94
P3035,4607,1288
P3036,4608,10
P3037,4611,7
P3038,4614,76
P3039,4617,29
P3040,4619,14
P3041,4621,16
P3042,4622,6
P3043,4623,3
P3044,4625,6
P3045,4626,12
P3046,4628,3
P3047,4631,9
P3048,4632,5
P3049,4635,19
P3050,4637,12
P3051,4640,11
P3052,4643,17
P3053,4644,753
P3054,4645,22
P3055,4646,95
P3056,4648,13
P3057,4649,11
P3058,4649,2
P3059,4650,20
P3060,4650,4
P3061,4650,13
P3062,4650,3
P3063,4650,7
P3064,4650,8
P3065,4653,5
P3066,4655,12
P3067,4657,20
P3068,4657,14
P3069,4658,6
P3070,4659,63
P3071,4662,2
P3072,4664,6
P3073,4667,10
P3074,4670,1177
P3075,4672,18
P3076,4673,1
P3077,4676,10
P3078,4679,840
P3079,4681,10
P3080,4683,17
P3081,4684,14
P3082,4685,7
P3083,4687,17
P3084,4689,12
P3085,4690,10
P3086,4690,20
P3087,4693,12
P3088,4696,15
P3089,4696,11
P3090,4699,18
P3091,4699,10
P3092,4702,9
P3093,4705,10
P3094,4707,14
P3095,4710,14
P3096,4712,1338
P3097,4712,16
P3098,4715,5
P3099,4716,19
P3100,4719,12
P3101,4722,2
P3102,4723,10
P3103,4726,5
P3104,4726,6
P3105,4728,15
P3106,4730,3
P3107,4733,1
P3108,4734,1275
P3109,4736,24
P3110,4738,11
P3111,4739,8
P3112,4739,13
P3113,4739,10
P3114,4742,9
P3115,4744,19
P3116,4744,827
P3117,4746,7
P3118,4748,54
P3119,4750,7
P3120,4753,65
P3121,4755,36
P3122,4757,3
P3123,4758,8
P3124,4759,18
P3125,4760,9
P3126,4762,10
P3127,4765,83
P3128,4765,15
P3129,4767,20
P3130,4770,1438
P3131,4770,20
P3132,4773,7
P3133,4775,6
P3134,4778,20
P3135,4778,8
P3136,4779,11
P3137,4781,8
P3138,4782,13
P3139,4785,2
P3140,4787,5
P3141,4789,5
P3142,4791,2
P3143,4794,513
P3144,4794,3
P3145,4794,3
P3146,4797,6
P3147,4797,12
P3148,4799,17
P3149,4799,1
P3150,4801,17
P3151,4802,1
P3152,4802,1
P3153,4804,7
P3154,4807,54
P3155,4809,7
P3156,4812,5
P3157,4814,15
P3158,4814,5
P3159,4817,16
P3160,4820,47
P3161,4821,7
P3162,4824,702
P3163,4824,17
P3164,4827,1386
P3165,4827,66
P3166,4828,13
P3167,4831,3
P3168,4832,4
P3169,4833,15
P3170,4833,19
P3171,4836,44
P3172,4839,3
P3173,4842,8
P3174,4842,10
P3175,4843,60
P3176,4843,16
P3177,4845,73
P3178,4848,13
P3179,4851,71
P3180,4853,93
P3181,4856,5
P3182,4857,5
P3183,4860,19
P3184,4861,73
P3185,4863,13
P3186,4863,13
P3187,4864,69
P3188,4866,6
P3189,4868,3
P3190,4871,33
P3191,4873,13
P3192,4873,11
P3193,4874,48
P3194,4874,4
P3195,4877,6
P3196,4878,18
P3197,4881,73
P3198,4884,13
P3199,4887,12
P3200,4887,17
P3201,4888,11
P3202,4890,31
P3203,4891,14
P3204,4894,85
P3205,4894,3
P3206,4896,20
P3207,4899,40
P3208,4900,17
P3209,4903,2
P3210,4905,13
P3211,4907,47
P3212,4910,8
P3213,4911,45
P3214,4914,9
P3215,4917,9
P3216,4918,17
P3217,4921,6
P3218,4922,1
P3219,4924,53
P3220,4925,939
P3221,4927,3
P3222,4927,11
P3223,4929,1
P3224,4930,17
P3225,4932,91
P3226,4933,14
P3227,4936,18
P3228,4938,19
P3229,4938,1
P3230,4939,4
P3231,4942,2
P3232,4945,17
P3233,4948,1
P3234,4950,15
P3235,4953,4
P3236,4954,11
P3237,4955,80
P3238,4958,12
P3239,4961,8
P3240,4964,13
P3241,4965,5
P3242,4966,8
P3243,4967,1116
P3244,4967,900
P3245,4967,12
P3246,4967,685
P3247,4968,2
P3248,4970,15
P3249,4973,68
P3250,4974,4
P3251,4976,20
P3252,4977,1156
P3253,4977,10
P3254,4978,9
P3255,4979,16
P3256,4981,6
P3257,4984,13
P3258,4984,20
P3259,4985,683
P3260,4987,11
P3261,4987,1
P3262,4990,6
P3263,4990,1
P3264,4992,12
P3265,4995,3
P3266,4995,16
P3267,4997,8
P3268,4997,6
P3269,4997,18
P3270,4999,2
P3271,5001,15
P3272,5003,57
P3273,5006,27
P3274,5008,58
P3275,5011,11
P3276,5014,3
P3277,5015,17
P3278,5018,5
P3279,5021,47
P3280,5021,60
P3281,5024,5
P3282,5026,15
P3283,5028,18
P3284,5029,5
P3285,5031,8
P3286,5032,9
P3287,5032,5
P3288,5034,16
P3289,5036,5
P3290,5036,18
P3291,5039,13
P3292,5039,8
P3293,5040,12
P3294,5040,12
P3295,5043,10
P3296,5046,15
P3297,5047,16
P3298,5047,2
P3299,5050,1419
P3300,5053,19
P3301,5054,6
P3302,5054,8
P3303,5056,9
P3304,5056,15
P3305,5056,8
P3306,5057,10
P3307,5060,40
P3308,5060,13
P3309,5062,6
P3310,5063,11
P3311,5066,18
P3312,5066,18
P3313,5069,5
P3314,5072,40
P3315,5074,10
P3316,5076,12
P3317,5076,7
P3318,5076,16
P3319,5078,4
P3320,5080,4
P3321,5081,3
P3322,5083,18
P3323,5086,10
P3324,5088,19
P3325,5089,1
P3326,5091,9
P3327,5093,14
P3328,5094,7
P3329,5096,10
P3330,5098,4
P3331,5099,14
P3332,5100,16
P3333,5101,4
P3334,5103,20
P3335,5105,4
P3336,5105,30
P3337,5107,6
P3338,5107,19
P3339,5108,19
P3340,5109,609
P3341,5109,8
P3342,5109,752
P3343,5112,92
P3344,5115,20
P3345,5116,5
P3346,5118,6
P3347,5120,9
P3348,5121,3
P3349,5122,5
P3350,5123,1
P3351,5126,9
P3352,5126,6
P3353,5128,61
P3354,5131,15
P3355,5131,20
P3356,5131,2
P3357,5134,3
P3358,5137,18
P3359,5139,22
P3360,5142,16
P3361,5143,3
P3362,5144,82
P3363,5144,6
P3364,5144,5
P3365,5145,450
P3366,5147,8
P3367,5150,18
P3368,5150,11
P3369,5153,83
P3370,5153,9
P3371,5153,2
P3372,5156,3
P3373,5159,8
P3374,5162,2
P3375,5164,7
P3376,5166,719
P3377,5167,6
P3378,5169,47
P3379,5172,18
P3380,5174,1
P3381,5175,96
P3382,5177,7
P3383,5180,14
P3384,5180,31
P3385,5181,13
P3386,5182,2
P3387,5185,9
P3388,5186,20
P3389,5189,15
P3390,5191,75
P3391,5192,86
P3392,5194,17
P3393,5195,15
P3394,5197,4
P3395,5199,33
P3396,5199,18
P3397,5200,13
P3398,5202,6
P3399,5205,77
P3400,5205,11
P3401,5208,19
P3402,5210,578
P3403,5210,18
P3404,5212,13
P3405,5215,15
P3406,5218,5
P3407,5218,14
P3408,5221,6
P3409,5222,10
P3410,5225,3
P3411,5226,16
P3412,5227,11
P3413,5227,18
P3414,5227,5
P3415,5228,13
P3416,5231,12
P3417,5232,78
P3418,5232,5
P3419,5233,16
P3420,5236,10
P3421,5236,10
P3422,5238,7
P3423,5240,93
P3424,5240,777
P3425,5242,11
P3426,5245,15
P3427,5246,20
P3428,5247,68
P3429,5248,722
P3430,5250,88
P3431,5253,2
P3432,5256,9
P3433,5259,14
P3434,5260,11
P3435,5262,4
P3436,5264,6
P3437,5264,1
P3438,5266,9
P3439,5269,38
P3440,5270,2
P3441,5273,4
P3442,5275,7
P3443,5275,14
P3444,5275,13
P3445,5275,19
P3446,5277,11
P3447,5280,14
P3448,5283,18
P3449,5283,1
P3450,5286,9
P3451,5289,11
P3452,5292,100
P3453,5294,4
P3454,5296,6
P3455,5299,9
P3456,5301,16
P3457,5301,61
P3458,5301,9
P3459,5301,5
P3460,5303,2
P3461,5306,11
P3462,5307,3
P3463,5307,42
P3464,5309,46
P3465,5310,1470
P3466,5312,8
P3467,5312,17
P3468,5312,2
P3469,5315,18
P3470,5318,2
P3471,5318,73
P3472,5319,8
P3473,5322,16
P3474,5324,1
P3475,5325,16
P3476,5328,1
P3477,5328,61
P3478,5330,12
P3479,5331,3
P3480,5333,7
P3481,5333,48
P3482,5333,14
P3483,5334,3
P3484,5334,19
P3485,5334,100
P3486,5337,19
P3487,5337,2
P3488,5337,14
P3489,5339,19
P3490,5340,14
P3491,5340,8
P3492,5340,20
P3493,5342,1
P3494,5344,3
P3495,5346,19
P3496,5347,4
P3497,5349,3
P3498,5351,3
P3499,5351,8
P3500,5354,18
P3501,5356,9
P3502,5356,17
P3503,5357,20
P3504,5357,17
P3505,5359,507
P3506,5360,4
P3507,5363,1
P3508,5365,5
P3509,5367,18
P3510,5370,31
P3511,5371,39
P3512,5373,2
P3513,5374,11
P3514,5375,20
P3515,5377,5
P3516,5379,17
P3517,5379,15
P3518,5381,1
P3519,5381,1
P3520,5383,19
P3521,5385,74
P3522,5385,16
P3523,5387,1
P3524,5390,18
P3525,5391,10
P3526,5394,1
P3527,5394,2
P3528,5396,2
P3529,5399,1
P3530,5402,1
P3531,5403,15
P3532,5404,4
P3533,5405,20
P3534,5406,2
P3535,5408,11
P3536,5409,13
P3537,5412,18
P3538,5414,10
P3539,5416,19
P3540,5417,5
P3541,5418,98
P3542,5419,11
P3543,5419,13
P3544,5419,1270
P3545,5419,12
P3546,5419,63
P3547,5422,5
P3548,5423,598
P3549,5423,3
P3550,5423,10
P3551,5424,53
P3552,5426,6
P3553,5426,18
P3554,5427,1
P3555,5427,20
P3556,5428,7
P3557,5431,14
P3558,5433,9
P3559,5433,11
P3560,5433,76
P3561,5433,3
P3562,5436,815
P3563,5437,9
P3564,5437,83
P3565,5439,6
P3566,5439,62
P3567,5442,8
P3568,5442,8
P3569,5445,97
P3570,5448,17
P3571,5448,15
P3572,5448,1
P3573,5451,11
P3574,5451,10
P3575,5452,7
P3576,5454,8
P3577,5457,13
P3578,5458,9
P3579,5461,18
P3580,5462,2
P3581,5465,4
P3582,5467,9
P3583,5468,13
P3584,5468,19
P3585,5471,2
P3586,5472,16
P3587,5475,17
P3588,5477,10
P3589,5479,2
P3590,5480,14
P3591,5482,20
P3592,5484,19
P3593,5487,62
P3594,5487,11
P3595,5489,9
P3596,5489,12
P3597,5491,81
P3598,5492,9
P3599,5494,12
P3600,5495,13
P3601,5495,19
P3602,5495,12
P3603,5496,10
P3604,5496,6
P3605,5499,10
P3606,5502,19
P3607,5505,2
P3608,5505,623
P3609,5507,9
P3610,5507,34
P3611,5510,13
P3612,5511,19
P3613,5514,13
P3614,5516,5
P3615,5517,1
P3616,5519,18
P3617,5522,14
P3618,5525,7
P3619,5527,18
P3620,5529,16
P3621,5529,18
P3622,5532,8
P3623,5532,5
P3624,5535,1
P3625,5536,57
P3626,5539,7
P3627,5541,10
P3628,5544,17
P3629,5544,1
P3630,5544,25
P3631,5547,1
P3632,5549,18
P3633,5552,19
P3634,5555,9
P3635,5556,1
P3636,5558,19
P3637,5561,16
P3638,5564,11
P3639,5565,1
P3640,5565,2
P3641,5567,92
P3642,5570,15
P3643,5571,5
P3644,5572,67
P3645,5575,16
P3646,5578,13
P3647,5579,94
P3648,5582,17
P3649,5584,2
P3650,5584,5
P3651,5586,15
P3652,5587,70
P3653,5587,39
P3654,5587,15
P3655,5588,5
P3656,5588,3
P3657,5589,7
P3658,5591,15
P3659,5593,19
P3660,5596,12
P3661,5598,14
P3662,5600,4
P3663,5600,2
P3664,5603,9
P3665,5606,5
P3666,5607,18
P3667,5609,14
P3668,5612,460
P3669,5614,90
P3670,5616,52
P3671,5616,3
P3672,5618,1
P3673,5621,62
P3674,5622,12
P3675,5622,9
P3676,5624,5
P3677,5625,6
P3678,5628,18
P3679,5630,8
P3680,5633,17
P3681,5635,9
P3682,5636,66
P3683,5638,9
P3684,5641,1
P3685,5644,72
P3686,5645,41
P3687,5646,61
P3688,5647,13
P3689,5647,6
P3690,5648,8
P3691,5650,6
P3692,5653,11
P3693,5656,18
P3694,5656,3
P3695,5656,16
P3696,5656,10
P3697,5656,20
P3698,5656,9
P3699,5659,66
P3700,5660,11
P3701,5663,18
P3702,5664,26
P3703,5666,20
P3704,5668,20
P3705,5668,1
P3706,5668,83
P3707,5671,2
P3708,5674,17
P3709,5674,96
P3710,5675,14
P3711,5675,1
P3712,5678,14
P3713,5681,7
P3714,5683,18
P3715,5685,1487
P3716,5687,5
P3717,5688,1
P3718,5690,93
P3719,5691,20
P3720,5693,39
P3721,5693,18
P3722,5695,733
P3723,5695,6
P3724,5697,17
P3725,5699,6
P3726,5700,831
P3727,5701,85
P3728,5701,1156
P3729,5702,35
P3730,5703,12
P3731,5704,16
P3732,5707,13
P3733,5707,5
P3734,5710,3
P3735,5712,5
P3736,5714,4
P3737,5714,5
P3738,5716,11
P3739,5719,5
P3740,5722,3
P3741,5724,5
P3742,5724,19
P3743,5725,4
P3744,5725,14
P3745,5725,3
P3746,5727,12
P3747,5729,10
P3748,5732,4
P3749,5734,15
P3750,5737,37
P3751,5737,20
P3752,5739,7
P3753,5740,18
P3754,5742,74
P3755,5745,20
P3756,5745,6
P3757,5748,15
P3758,5748,16
P3759,5749,10
P3760,5749,3
P3761,5751,61
P3762,5751,5
P3763,5752,16
P3764,5752,8
P3765,5755,20
P3766,5757,14
P3767,5758,2
P3768,5761,14
P3769,5762,1
P3770,5763,3
P3771,5766,11
P3772,5769,336
P3773,5769,8
P3774,5771,43
P3775,5771,93
P3776,5773,6
P3777,5774,20
P3778,5777,17
P3779,5777,19
P3780,5778,1
P3781,5781,19
P3782,5781,13
P3783,5781,4
P3784,5781,5
P3785,5781,14
P3786,5783,1
P3787,5783,18
P3788,5784,11
P3789,5784,7
P3790,5784,1481
P3791,5784,8
P3792,5787,69
P3793,5789,17
P3794,5790,2
P3795,5790,17
P3796,5790,23
P3797,5792,14
P3798,5794,4
P3799,5795,16
P3800,5797,1
P3801,5799,2
P3802,5799,9
P3803,5799,16
P3804,5801,11
P3805,5804,20
P3806,5806,4
P3807,5807,14
P3808,5810,19
P3809,5810,16
P3810,5811,38
P3811,5811,4
P3812,5814,10
P3813,5814,16
P3814,5814,15
P3815,5814,32
P3816,5817,13
P3817,5820,2
P3818,5823,18
P3819,5823,16
P3820,5824,75
P3821,5825,17
P3822,5826,3
P3823,5827,14
P3824,5828,19
P3825,5830,2
P3826,5832,19
P3827,5835,14
P3828,5838,16
P3829,5841,10
P3830,5843,2
P3831,5845,12
P3832,5846,3
P3833,5846,20
P3834,5846,1
P3835,5848,6
P3836,5849,6
P3837,5851,318
P3838,5853,19
P3839,5856,18
P3840,5856,14
P3841,5859,13
P3842,5859,11
P3843,5859,4
P3844,5859,20
P3845,5860,12
P3846,5862,2
P3847,5865,20
P3848,5868,18
P3849,5871,3
P3850,5874,16
P3851,5874,25
P3852,5877,16
P3853,5879,11
P3854,5881,14
P3855,5883,10
P3856,5883,5
P3857,5883,13
P3858,5886,3
P3859,5886,10
P3860,5886,262
P3861,5887,3
P3862,5889,5
P3863,5892,6
P3864,5895,5
P3865,5895,2
P3866,5898,13
P3867,5900,19
P3868,5903,11
P3869,5905,19
P3870,5905,6
P3871,5905,1
P3872,5907,17
P3873,5910,3
P3874,5913,17
P3875,5913,14
P3876,5915,11
P3877,5918,59
P3878,5920,14
P3879,5921,12
P3880,5921,5
P3881,5923,14
P3882,5925,7
P3883,5927,14
P3884,5929,8
P3885,5932,18
P3886,5935,31
P3887,5937,16
P3888,5938,7
P3889,5940,86
P3890,5943,17
P3891,5946,18
P3892,5947,7
P3893,5948,16
P3894,5951,14
P3895,5954,96
P3896,5955,33
P3897,5955,9
P3898,5957,11
P3899,5958,8
P3900,5959,12
P3901,5960,7
P3902,5962,15
P3903,5964,4
P3904,5965,4
P3905,5967,12
P3906,5969,77
P3907,5970,684
P3908,5970,12
P3909,5972,13
P3910,5972,1
P3911,5975,3
P3912,5976,4
P3913,5977,12
P3914,5979,98
P3915,5982,5
P3916,5983,5
P3917,5984,18
P3918,5984,8
P3919,5985,12
P3920,5986,5
P3921,5989,18
P3922,5989,11
P3923,5990,11
P3924,5991,3
P3925,5994,36
P3926,5994,69
P3927,5996,18
P3928,5998,28
P3929,6000,1247
P3930,6003,4
P3931,6003,9
P3932,6006,99
P3933,6008,6
P3934,6009,6
P3935,6011,4
P3936,6011,7
P3937,6014,8
P3938,6017,12
P3939,6020,55
P3940,6020,8
P3941,6022,98
P3942,6022,48
P3943,6022,2
P3944,6024,17
P3945,6024,1
P3946,6024,3
P3947,6026,42
P3948,6026,23
P3949,6027,72
P3950,6030,5
P3951,6030,71
P3952,6031,86
P3953,6033,7
P3954,6034,17
P3955,6037,6
P3956,6039,9
P3957,6039,6
P3958,6040,14
P3959,6040,20
P3960,6042,15
P3961,6045,14
P3962,6047,19
P3963,6050,20
P3964,6052,10
P3965,6054,17
P3966,6057,8
P3967,6058,3
P3968,6059,11
P3969,6059,97
P3970,6062,18
P3971,6065,20
P3972,6066,19
P3973,6066,31
P3974,6067,13
P3975,6070,92
P3976,6072,67
P3977,6072,901
P3978,6074,20
P3979,6077,1
P3980,6077,3
P3981,6080,1397
P3982,6081,11
P3983,6083,20
P3984,6086,19
P3985,6086,18
P3986,6087,60
P3987,6088,607
P3988,6088,13
P3989,6089,5
P3990,6092,10
P3991,6092,12
P3992,6092,14
P3993,6095,5
P3994,6095,6
P3995,6097,14
P3996,6097,17
P3997,6098,21
P3998,6101,17
P3999,6103,20
P4000,6106,1
P4001,6109,2
P4002,6110,17
P4003,6110,12
P4004,6112,47
P4005,6114,616
P4006,6114,6
P4007,6114,7
P4008,6114,1021
P4009,6114,5
P4010,6115,3
P4011,6117,3
P4012,6117,29
P4013,6119,933
P4014,6121,17
P4015,6124,16
P4016,6125,15
P4017,6125,22
P4018,6128,17
P4019,6128,3
P4020,6129,8
P4021,6132,496
P4022,6132,3
P4023,6132,1
P4024,6135,94
P4025,6138,797
P4026,6140,82
P4027,6142,13
P4028,6142,15
P4029,6143,4
P4030,6145,13
P4031,6147,4
P4032,6148,9
P4033,6151,1
P4034,6153,76
P4035,6156,13
P4036,6159,9
P4037,6162,32
P4038,6162,11
P4039,6165,1106
P4040,6167,5
P4041,6168,10
P4042,6168,7
P4043,6171,63
P4044,6172,9
P4045,6173,10
P4046,6173,3
P4047,6176,5
P4048,6177,8
P4049,6177,46
P4050,6179,8
P4051,6179,10
P4052,6182,10
P4053,6182,5
P4054,6184,6
P4055,6184,7
P4056,6187,5
P4057,6190,6
P4058,6190,11
P4059,6193,13
P4060,6195,20
P4061,6197,5
P4062,6199,18
P4063,6201,18
P4064,6202,1381
P4065,6202,13
P4066,6203,13
P4067,6205,3
P4068,6206,15
P4069,6208,18
P4070,6208,62
P4071,6210,1
P4072,6213,5
P4073,6214,18
P4074,6216,20
P4075,6216,20
P4076,6216,6
P4077,6219,11
P4078,6219,55
P4079,6222,1
P4080,6223,19
P4081,6225,15
P4082,6227,6
P4083,6228,14
P4084,6231,15
P4085,6234,15
P4086,6237,17
P4087,6238,5
P4088,6240,13
P4089,6240,5
P4090,6240,12
P4091,6240,21
P4092,6241,7
P4093,6242,15
P4094,6242,8
P4095,6244,1
P4096,6245,7
P4097,6246,99
P4098,6246,1319
P4099,6246,96
P4100,6249,2
P4101,6250,6
P4102,6251,5
P4103,6251,2
P4104,6251,18
P4105,6251,13
P4106,6254,63
P4107,6254,19
P4108,6257,7
P4109,6260,16
P4110,6261,13
P4111,6263,17
P4112,6263,5
P4113,6264,4
P4114,6267,8
P4115,6267,39
P4116,6268,98
P4117,6271,16
P4118,6274,82
P4119,6274,37
P4120,6275,23
P4121,6276,7
P4122,6279,17
P4123,6279,39
P4124,6281,50
P4125,6281,18
P4126,6281,16
P4127,6284,16
P4128,6285,3
P4129,6286,1
P4130,6287,24
P4131,6290,5
P4132,6290,77
P4133,6292,20
P4134,6294,17
P4135,6294,20
P4136,6294,35
P4137,6297,12
P4138,6299,95
P4139,6299,15
P4140,6299,19
P4141,6300,392
P4142,6303,9
P4143,6304,18
P4144,6305,15
P4145,6307,9
P4146,6309,16
P4147,6312,15
P4148,6313,17
P4149,6316,19
P4150,6316,49
P4151,6316,15
P4152,6317,5
P4153,6319,14
P4154,6319,4
P4155,6320,495
P4156,6323,20
P4157,6326,13
P4158,6327,15
P4159,6329,1265
P4160,6330,2
P4161,6330,14
P4162,6333,7
P4163,6336,4
P4164,6339,13
P4165,6341,10
P4166,6343,7
P4167,6346,36
P4168,6347,10
P4169,6349,3
P4170,6350,16
P4171,6352,3
P4172,6353,2
P4173,6355,1
P4174,6355,18
P4175,6358,75
P4176,6358,16
P4177,6360,6
P4178,6361,9
P4179,6363,1088
P4180,6364,9
P4181,6366,9
P4182,6367,9
P4183,6368,16
P4184,6370,11
P4185,6371,780
P4186,6374,19
P4187,6377,7
P4188,6378,2
P4189,6379,13
P4190,6380,57
P4191,6381,3
P4192,6384,19
P4193,6386,8
P4194,6386,5
P4195,6389,40
P4196,6392,1
P4197,6393,3
P4198,6393,14
P4199,6396,4
P4200,6396,16
P4201,6398,7
P4202,6398,30
P4203,6401,59
P4204,6402,18
P4205,6402,1
P4206,6405,79
P4207,6405,20
P4208,6406,10
P4209,6408,13
P4210,6409,38
P4211,6412,29
P4212,6415,65
P4213,6415,5
P4214,6418,2
P4215,6420,41
P4216,6422,10
P4217,6422,7
P4218,6424,44
P4219,6424,62
P4220,6425,5
P4221,6428,6
P4222,6428,6
P4223,6431,87
P4224,6432,89
P4225,6435,10
P4226,6435,59
P4227,6437,15
P4228,6438,4
P4229,6440,11
P4230,6442,17
P4231,6445,58
P4232,6447,1181
P4233,6450,15
P4234,6451,1
P4235,6453,10
P4236,6453,9
P4237,6453,17
P4238,6454,1
P4239,6455,11
P4240,6457,17
P4241,6460,17
P4242,6462,8
P4243,6464,100
P4244,6466,14
P4245,6469,11
P4246,6470,8
P4247,6470,12
P4248,6473,19
P4249,6473,72
P4250,6475,6
P4251,6477,3
P4252,6480,4
P4253,6481,4
P4254,6484,1
P4255,6485,1
P4256,6487,15
P4257,6488,4
P4258,6488,3
P4259,6489,15
P4260,6491,74
P4261,6493,11
P4262,6495,4
P4263,6496,8
P4264,6499,819
P4265,6502,20
P4266,6502,12
P4267,6505,60
P4268,6507,3
P4269,6508,89
P4270,6511,6
P4271,6512,1
P4272,6514,20
P4273,6517,12
P4274,6517,42
P4275,6517,1
P4276,6520,12
P4277,6522,72
P4278,6525,16
P4279,6525,6
P4280,6527,54
P4281,6529,16
P4282,6532,14
P4283,6535,827
P4284,6535,3
P4285,6535,7
P4286,6538,16
P4287,6538,83
P4288,6540,39
P4289,6540,17
P4290,6543,5
P4291,6545,7
P4292,6545,2
P4293,6547,20
P4294,6550,62
P4295,6551,67
P4296,6552,7
P4297,6553,5
P4298,6554,4
P4299,6555,19
P4300,6558,19
P4301,6561,73
P4302,6564,19
P4303,6567,27
P4304,6567,17
P4305,6570,14
P4306,6571,5
P4307,6571,1
P4308,6573,75
P4309,6576,17
P4310,6578,50
P4311,6580,20
P4312,6580,2
P4313,6583,81
P4314,6584,18
P4315,6586,16
P4316,6589,12
P4317,6589,8
P4318,6591,15
P4319,6591,4
P4320,6591,7
P4321,6592,15
P4322,6593,76
P4323,6595,5
P4324,6598,3
P4325,6599,536
P4326,6602,1
P4327,6604,12
P4328,6607,94
P4329,6607,90
P4330,6607,1478
P4331,6610,14
P4332,6610,2
P4333,6610,9
P4334,6613,95
P4335,6613,11
P4336,6616,8
P4337,6617,12
P4338,6617,1487
P4339,6617,74
P4340,6617,11
P4341,6619,5
P4342,6622,16
P4343,6622,15
P4344,6624,78
P4345,6624,2
P4346,6626,16
P4347,6626,11
P4348,6628,18
P4349,6628,13
P4350,6631,8
P4351,6633,5
P4352,6635,8
P4353,6638,13
P4354,6638,98
P4355,6640,15
P4356,6642,92
P4357,6643,13
P4358,6646,6
P4359,6648,18
P4360,6648,13
P4361,6648,1432
P4362,6648,15
P4363,6648,48
P4364,6649,77
P4365,6650,6
P4366,6651,16
P4367,6651,2
P4368,6654,19
P4369,6656,48
P4370,6656,20
P4371,6659,20
P4372,6659,94
P4373,6660,1361
P4374,6661,15
P4375,6663,18
P4376,6664,20
P4377,6664,4
P4378,6666,19
P4379,6667,10
P4380,6667,6
P4381,6668,52
P4382,6669,7
P4383,6669,20
P4384,6672,7
P4385,6675,11
P4386,6676,16
P4387,6677,10
P4388,6679,15
P4389,6682,37
P4390,6682,71
P4391,6683,15
P4392,6684,15
P4393,6687,41
P4394,6687,1325
P4395,6689,12
P4396,6689,4
P4397,6692,13
P4398,6693,1472
P4399,6694,18
P4400,6697,1
P4401,6697,9
P4402,6700,13
P4403,6703,5
P4404,6704,17
P4405,6706,19
P4406,6706,5
P4407,6707,46
P4408,6707,19
P4409,6710,5
P4410,6711,81
P4411,6714,2
P4412,6717,19
P4413,6718,73
P4414,6720,7
P4415,6723,15
P4416,6725,10
P4417,6727,82
P4418,6730,5
P4419,6731,14
P4420,6734,17
P4421,6735,57
P4422,6738,15
P4423,6739,37
P4424,6739,76
P4425,6739,16
P4426,6739,5
P4427,6739,15
P4428,6741,57
P4429,6741,8
P4430,6741,58
P4431,6744,11
P4432,6746,18
P4433,6749,18
P4434,6750,9
P4435,6752,2
P4436,6754,3
P4437,6757,15
P4438,6758,15
P4439,6758,4
P4440,6758,2
P4441,6761,15
P4442,6764,436
P4443,6764,11
P4444,6766,11
P4445,6767,19
P4446,6770,1
P4447,6772,5
P4448,6772,3
P4449,6772,9
P4450,6775,11
P4451,6776,20
P4452,6779,19
P4453,6779,16
P4454,6780,16
P4455,6783,7
P4456,6786,6
P4457,6786,6
P4458,6786,7
P4459,6786,13
P4460,6787,5
P4461,6789,20
P4462,6792,3
P4463,6795,2
P4464,6798,6
P4465,6799,2
P4466,6799,20
P4467,6800,96
P4468,6802,5
P4469,6802,1
P4470,6805,1
P4471,6808,10
P4472,6810,8
P4473,6811,19
P4474,6814,20
P4475,6814,19
P4476,6817,85
P4477,6817,2
P4478,6820,14
P4479,6820,11
P4480,6822,5
P4481,6823,5
P4482,6824,12
P4483,6826,94
P4484,6828,98
P4485,6829,3
P4486,6831,11
P4487,6832,5
P4488,6834,16
P4489,6834,19
P4490,6837,53
P4491,6837,8
P4492,6837,13
P4493,6839,16
P4494,6841,16
P4495,6843,55
P4496,6843,3
P4497,6843,19
P4498,6846,6
P4499,6846,16
P4500,6846,14
P4501,6849,19
P4502,6849,1
P4503,6849,3
P4504,6850,1
P4505,6853,6
P4506,6854,1
P4507,6855,9
P4508,6856,9
P4509,6856,16
P4510,6858,2
P4511,6858,11
P4512,6861,20
P4513,6861,12
P4514,6863,19
P4515,6865,12
P4516,6868,11
P4517,6869,3
P4518,6870,18
P4519,6873,498
P4520,6873,12
P4521,6874,6
P4522,6877,46
P4523,6878,12
P4524,6879,4
P4525,6881,821
P4526,6882,470
P4527,6884,76
P4528,6887,16
P4529,6890,3
P4530,6891,5
P4531,6892,1257
P4532,6895,15
P4533,6897,5
P4534,6898,13
P4535,6900,20
P4536,6900,7
P4537,6900,733
P4538,6901,25
P4539,6901,17
P4540,6901,4
P4541,6902,4
P4542,6905,19
P4543,6908,2
P4544,6909,9
P4545,6912,7
P4546,6912,13
P4547,6913,16
P4548,6916,4
P4549,6916,26
P4550,6918,18
P4551,6919,14
P4552,6919,15
P4553,6919,1131
P4554,6919,75
P4555,6921,6
P4556,6922,5
P4557,6922,2
P4558,6925,15
P4559,6928,17
P4560,6929,9
P4561,6932,12
P4562,6933,12
P4563,6936,90
P4564,6937,7
P4565,6940,1
P4566,6942,8
P4567,6945,80
P4568,6945,6
P4569,6947,2
P4570,6949,9
P4571,6949,4
P4572,6951,357
P4573,6954,424
P4574,6955,8
P4575,6958,53
P4576,6960,11
P4577,6961,15
P4578,6963,76
P4579,6966,8
P4580,6967,74
P4581,6969,15
P4582,6971,20
P4583,6972,1
P4584,6972,5
P4585,6974,1007
P4586,6974,17
P4587,6974,18
P4588,6977,2
P4589,6977,4
P4590,6978,59
P4591,6980,69
P4592,6980,5
P4593,6980,10
P4594,6982,3
P4595,6984,19
P4596,6987,15
P4597,6988,12
P4598,6991,4
P4599,6992,18
P4600,6995,64
P4601,6997,8
P4602,7000,13
P4603,7000,4
P4604,7003,1
P4605,7004,11
P4606,7005,8
P4607,7007,1068
P4608,7007,5
P4609,7010,8
P4610,7010,20
P4611,7013,20
P4612,7013,14
P4613,7016,9
P4614,7016,8
P4615,7019,13
P4616,7019,16
P4617,7020,5
P4618,7020,4
P4619,7023,10
P4620,7024,1
P4621,7026,17
P4622,7026,13
P4623,7029,3
P4624,7029,15
P4625,7031,3
P4626,7033,6
P4627,7035,6
P4628,7038,1
P4629,7040,13
P4630,7040,64
P4631,7043,2
P4632,7046,47
P4633,7046,95
P4634,7047,59
P4635,7048,17
P4636,7050,6
P4637,7051,8
P4638,7052,8
P4639,7052,14
P4640,7053,60
P4641,7054,13
P4642,7057,9
P4643,7060,18
P4644,7060,74
P4645,7061,7
P4646,7063,16
P4647,7064,15
P4648,7064,4
P4649,7066,15
P4650,7069,2
P4651,7069,6
P4652,7072,13
P4653,7075,18
P4654,7076,17
P4655,7077,14
P4656,7080,11
P4657,7083,47
P4658,7085,73
P4659,7087,19
P4660,7090,13
P4661,7093,63
P4662,7094,88
P4663,7094,16
P4664,7097,16
P4665,7099,11
P4666,7099,42
P4667,7099,475
P4668,7100,14
P4669,7101,1
P4670,7101,4
P4671,7102,16
P4672,7104,89
P4673,7105,3
P4674,7108,10
P4675,7108,14
P4676,7108,11
P4677,7111,20
P4678,7112,8
P4679,7115,19
P4680,7118,12
P4681,7121,15
P4682,7124,1214
P4683,7125,99
P4684,7125,14
P4685,7127,10
P4686,7130,4
P4687,7131,9
P4688,7132,20
P4689,7133,15
P4690,7136,4
P4691,7138,13
P4692,7140,18
P4693,7142,19
P4694,7144,15
P4695,7144,95
P4696,7145,43
P4697,7147,6
P4698,7148,20
P4699,7149,20
P4700,7151,19
P4701,7154,77
P4702,7157,5
P4703,7159,15
P4704,7161,4
P4705,7163,65
P4706,7163,8
P4707,7166,3
P4708,7166,12
P4709,7166,11
P4710,7169,20
P4711,7171,775
P4712,7173,13
P4713,7175,18
P4714,7177,84
P4715,7177,97
P4716,7178,13
P4717,7181,8
P4718,7183,20
P4719,7186,6
P4720,7186,82
P4721,7186,11
P4722,7189,14
P4723,7192,10
P4724,7193,9
P4725,7195,58
P4726,7197,20
P4727,7197,14
P4728,7200,3
P4729,7202,15
P4730,7205,8
P4731,7208,6
P4732,7208,6
P4733,7209,14
P4734,7209,9
P4735,7210,3
P4736,7210,32
P4737,7212,20
P4738,7213,13
P4739,7214,7
P4740,7216,7
P4741,7219,8
P4742,7222,18
P4743,7225,80
P4744,7226,1031
P4745,7227,59
P4746,7227,3
P4747,7228,8
P4748,7230,19
P4749,7231,17
P4750,7233,18
P4751,7233,63
P4752,7233,20
P4753,7236,4
P4754,7238,3
P4755,7239,4
P4756,7241,13
P4757,7243,21
P4758,7243,14
P4759,7243,3
P4760,7244,18
P4761,7245,3
P4762,7248,18
P4763,7248,71
P4764,7250,2
P4765,7253,11
P4766,7256,1
P4767,7259,94
P4768,7261,5
P4769,7263,943
P4770,7265,11
P4771,7267,1
P4772,7268,10
P4773,7271,5
P4774,7271,25
P4775,7271,8
P4776,7274,11
P4777,7277,1
P4778,7277,19
P4779,7278,15
P4780,7279,19
P4781,7279,15
P4782,7279,16
P4783,7281,10
P4784,7283,9
P4785,7286,8
P4786,7289,15
P4787,7292,4
P4788,7294,20
P4789,7297,5
P4790,7300,13
P4791,7300,78
P4792,7302,5
P4793,7304,4
P4794,7304,4
P4795,7306,2
P4796,7309,1
P4797,7311,16
P4798,7313,2
P4799,7315,6
P4800,7318,55
P4801,7321,8
P4802,7323,5
P4803,7325,1335
P4804,7326,57
P4805,7329,2
P4806,7332,19
P4807,7332,2
P4808,7332,81
P4809,7335,9
P4810,7336,19
P4811,7337,10
P4812,7338,17
P4813,7340,18
P4814,7340,16
P4815,7340,333
P4816,7341,5
P4817,7343,93
P4818,7344,28
P4819,7344,25
P4820,7344,20
P4821,7347,16
P4822,7347,1172
P4823,7349,50
P4824,7349,18
P4825,7352,10
P4826,7354,33
P4827,7356,17
P4828,7358,1274
P4829,7359,74
P4830,7361,36
P4831,7363,1
P4832,7366,40
P4833,7367,26
P4834,7370,8
P4835,7372,2
P4836,7373,1
P4837,7373,8
P4838,7373,16
P4839,7374,7
P4840,7377,1
P4841,7380,2
P4842,7382,550
P4843,7382,6
P4844,7382,98
P4845,7385,18
P4846,7386,18
P4847,7388,20
P4848,7391,12
P4849,7392,15
P4850,7392,11
P4851,7395,25
P4852,7398,2
P4853,7400,16
P4854,7402,1
P4855,7403,43
P4856,7403,13
P4857,7405,16
P4858,7405,9
P4859,7406,18
P4860,7409,57
P4861,7411,10
P4862,7412,15
P4863,7412,18
P4864,7412,10
P4865,7412,14
P4866,7415,8
P4867,7416,18
P4868,7416,48
P4869,7417,20
P4870,7420,16
P4871,7421,12
P4872,7424,74
P4873,7427,5
P4874,7429,7
P4875,7429,6
P4876,7432,13
P4877,7435,6
P4878,7435,3
P4879,7436,12
P4880,7436,2
P4881,7438,1292
P4882,7438,1223
P4883,7441,15
P4884,7441,16
P4885,7441,3
P4886,7444,10
P4887,7445,5
P4888,7448,23
P4889,7450,5
P4890,7453,14
P4891,7454,16
P4892,7457,11
P4893,7460,22
P4894,7462,1
P4895,7463,19
P4896,7465,54
P4897,7467,66
P4898,7470,7
P4899,7471,18
P4900,7473,11
P4901,7474,19
P4902,7477,19
P4903,7480,12
P4904,7483,16
P4905,7486,14
P4906,7489,20
P4907,7490,13
P4908,7490,4
P4909,7490,43
P4910,7490,42
P4911,7490,18
P4912,7491,4
P4913,7493,45
P4914,7494,16
P4915,7497,13
P4916,7498,20
P4917,7498,1105
P4918,7501,2
P4919,7502,7
P4920,7504,13
P4921,7507,56
P4922,7509,6
P4923,7511,17
P4924,7511,14
P4925,7512,19
P4926,7513,79
P4927,7513,1
P4928,7514,19
P4929,7514,6
P4930,7514,1405
P4931,7516,3
P4932,7518,17
P4933,7520,11
P4934,7523,16
P4935,7524,14
P4936,7524,9
P4937,7524,10
P4938,7526,8
P4939,7529,51
P4940,7529,6
P4941,7530,17
P4942,7533,4
P4943,7536,1002
P4944,7539,1
P4945,7542,16
P4946,7545,19
P4947,7545,19
P4948,7545,10
P4949,7547,62
P4950,7548,12
P4951,7551,15
P4952,7553,6
P4953,7554,9
P4954,7554,9
P4955,7555,75
P4956,7558,14
P4957,7561,14
P4958,7561,16
P4959,7563,14
P4960,7563,1038
P4961,7563,19
P4962,7565,2
P4963,7565,482
P4964,7568,2
P4965,7570,5
P4966,7572,4
P4967,7575,96
P4968,7578,18
P4969,7578,16
P4970,7581,7
P4971,7582,3
P4972,7582,7
P4973,7583,16
P4974,7585,14
P4975,7587,15
P4976,7590,1312
P4977,7591,1
P4978,7592,43
P4979,7595,10
P4980,7596,19
P4981,7597,51
P4982,7597,18
P4983,7600,17
P4984,7600,20
P4985,7601,6
P4986,7603,67
P4987,7603,18
P4988,7603,8
P4989,7605,8
P4990,7607,7
P4991,7609,15
P4992,7612,14
P4993,7613,4
P4994,7615,590
P4995,7617,32
P4996,7617,17
P4997,7618,93
P4998,7620,19
P4999,7622,16
P5000,7624,11
